{
	"credit": "Made with Blockbench",
	"textures": {
		"0": "custom/decor/bottles/cup1/cup",
		"particle": "custom/decor/bottles/cup1/cup"
	},
	"elements": [
		{
			"from": [7, 0, 6],
			"to": [10, 7, 7],
			"rotation": {"angle": 0, "axis": "y", "origin": [15, 9, 12]},
			"faces": {
				"north": {"uv": [3, 12.5, 4.5, 16], "texture": "#0"},
				"east": {"uv": [0, 0, 1, 7], "texture": "#missing"},
				"south": {"uv": [4.5, 12.5, 3, 16], "texture": "#0"},
				"west": {"uv": [0, 0, 1, 7], "texture": "#missing"},
				"up": {"uv": [0.5, 7, 2, 7.5], "texture": "#0"},
				"down": {"uv": [0.5, 9, 2, 9.5], "texture": "#0"}
			}
		},
		{
			"from": [7, 0, 7],
			"to": [10, 1, 10],
			"rotation": {"angle": 0, "axis": "y", "origin": [14, 8, 16]},
			"faces": {
				"north": {"uv": [0, 0, 3, 1], "texture": "#missing"},
				"east": {"uv": [0, 0, 3, 1], "texture": "#missing"},
				"south": {"uv": [0, 0, 3, 1], "texture": "#missing"},
				"west": {"uv": [0, 0, 3, 1], "texture": "#missing"},
				"up": {"uv": [0.5, 7.5, 2, 9], "texture": "#0"},
				"down": {"uv": [0.5, 7.5, 2, 9], "texture": "#0"}
			}
		},
		{
			"from": [6, 0, 6],
			"to": [7, 7, 11],
			"rotation": {"angle": 0, "axis": "y", "origin": [14, 9, 16]},
			"faces": {
				"north": {"uv": [4.5, 12.5, 5, 16], "texture": "#0"},
				"east": {"uv": [5, 12.5, 7.5, 16], "texture": "#0"},
				"south": {"uv": [7.5, 12.5, 8, 16], "texture": "#0"},
				"west": {"uv": [5, 12.5, 7.5, 16], "texture": "#0"},
				"up": {"uv": [0, 7, 0.5, 9.5], "texture": "#0"},
				"down": {"uv": [0, 7, 0.5, 9.5], "texture": "#0"}
			}
		},
		{
			"from": [10, 0, 6],
			"to": [11, 7, 11],
			"rotation": {"angle": 0, "axis": "y", "origin": [18, 9, 16]},
			"faces": {
				"north": {"uv": [2.5, 12.5, 3, 16], "texture": "#0"},
				"east": {"uv": [0, 12.5, 2.5, 16], "texture": "#0"},
				"south": {"uv": [9.5, 12.5, 10, 16], "texture": "#0"},
				"west": {"uv": [2.5, 12.5, 0, 16], "texture": "#0"},
				"up": {"uv": [2, 7, 2.5, 9.5], "texture": "#0"},
				"down": {"uv": [2, 7, 2.5, 9.5], "texture": "#0"}
			}
		},
		{
			"from": [7, 0, 10],
			"to": [10, 7, 11],
			"rotation": {"angle": 0, "axis": "y", "origin": [15, 9, 16]},
			"faces": {
				"north": {"uv": [8, 12.5, 9.5, 16], "texture": "#0"},
				"east": {"uv": [0, 0, 1, 7], "texture": "#missing"},
				"south": {"uv": [8, 12.5, 9.5, 16], "texture": "#0"},
				"west": {"uv": [0, 0, 1, 7], "texture": "#missing"},
				"up": {"uv": [0.5, 9, 2, 9.5], "texture": "#0"},
				"down": {"uv": [0.5, 7, 2, 7.5], "texture": "#0"}
			}
		},
		{
			"from": [8, 0.5, 4],
			"to": [9, 1.5, 6],
			"rotation": {"angle": 0, "axis": "y", "origin": [16, 8.5, 13]},
			"faces": {
				"north": {"uv": [8.5, 15, 9, 15.5], "texture": "#0"},
				"east": {"uv": [3.5, 15, 4.5, 15.5], "texture": "#0"},
				"south": {"uv": [0, 0, 1, 1], "texture": "#missing"},
				"west": {"uv": [6, 14.5, 7, 15], "texture": "#0"},
				"up": {"uv": [6, 15, 6.5, 16], "texture": "#0"},
				"down": {"uv": [8.5, 14.5, 9, 15.5], "texture": "#0"}
			}
		},
		{
			"from": [8, 5.5, 4],
			"to": [9, 6.5, 6],
			"rotation": {"angle": 0, "axis": "y", "origin": [16, 13.5, 13]},
			"faces": {
				"north": {"uv": [6.5, 13.5, 7, 14], "texture": "#0"},
				"east": {"uv": [3.5, 13.5, 4.5, 14], "texture": "#0"},
				"south": {"uv": [0, 0, 1, 1], "texture": "#missing"},
				"west": {"uv": [6, 13, 7, 13.5], "texture": "#0"},
				"up": {"uv": [8.5, 13, 9, 14], "texture": "#0"},
				"down": {"uv": [2.5, 13.5, 3, 14.5], "texture": "#0"}
			}
		},
		{
			"from": [8, 1.5, 4],
			"to": [9, 5.5, 5],
			"rotation": {"angle": 0, "axis": "y", "origin": [16, 11.5, 13]},
			"faces": {
				"north": {"uv": [3.5, 13.5, 4, 15.5], "texture": "#0"},
				"east": {"uv": [8.5, 16, 9, 14], "texture": "#0"},
				"south": {"uv": [8.5, 13.5, 9, 15.5], "texture": "#0"},
				"west": {"uv": [8.5, 13.5, 9, 15.5], "texture": "#0"},
				"up": {"uv": [0, 0, 1, 1], "texture": "#missing"},
				"down": {"uv": [0, 0, 1, 1], "texture": "#missing"}
			}
		},
		{
			"from": [6, 1, 11],
			"to": [11, 2, 11.1],
			"rotation": {"angle": 0, "axis": "y", "origin": [18, 9, 19.3]},
			"faces": {
				"north": {"uv": [0, 0, 5, 1], "texture": "#missing"},
				"east": {"uv": [0, 0, 0.1, 1], "texture": "#missing"},
				"south": {"uv": [7.5, 10.5, 10, 11], "texture": "#0"},
				"west": {"uv": [0, 0, 0.1, 1], "texture": "#missing"},
				"up": {"uv": [7.5, 10.5, 10, 11], "texture": "#0"},
				"down": {"uv": [7.5, 10.5, 10, 11], "texture": "#0"}
			}
		},
		{
			"from": [5.9, 1, 5.9],
			"to": [6, 2, 11.1],
			"rotation": {"angle": 0, "axis": "y", "origin": [13.7, 9, 14]},
			"faces": {
				"north": {"uv": [4.5, 10.5, 5, 11], "texture": "#0"},
				"east": {"uv": [0, 0, 5.2, 1], "texture": "#missing"},
				"south": {"uv": [7.5, 10.5, 8, 11], "texture": "#0"},
				"west": {"uv": [5, 10.5, 7.5, 11], "texture": "#0"},
				"up": {"uv": [7.5, 10.5, 5, 11], "rotation": 270, "texture": "#0"},
				"down": {"uv": [7.5, 10.5, 5, 11], "rotation": 90, "texture": "#0"}
			}
		},
		{
			"from": [11, 1, 5.9],
			"to": [11.1, 2, 11.1],
			"rotation": {"angle": 0, "axis": "y", "origin": [19, 9, 14]},
			"faces": {
				"north": {"uv": [2.5, 10.5, 3, 11], "texture": "#0"},
				"east": {"uv": [0, 10.5, 2.5, 11], "texture": "#0"},
				"south": {"uv": [9.5, 10.5, 9.5, 11], "texture": "#0"},
				"west": {"uv": [0, 0, 5.2, 1], "texture": "#missing"},
				"up": {"uv": [2.5, 10.5, 0, 11], "rotation": 90, "texture": "#0"},
				"down": {"uv": [0, 10.5, 2.5, 11], "rotation": 90, "texture": "#0"}
			}
		},
		{
			"from": [6, 1, 5.9],
			"to": [11, 2, 6],
			"rotation": {"angle": 0, "axis": "y", "origin": [18, 9, 14]},
			"faces": {
				"north": {"uv": [2.5, 10.5, 5, 11], "texture": "#0"},
				"east": {"uv": [0, 0, 0.1, 1], "texture": "#missing"},
				"south": {"uv": [0, 0, 5, 1], "texture": "#missing"},
				"west": {"uv": [0, 0, 0.1, 1], "texture": "#missing"},
				"up": {"uv": [2.5, 10.5, 5, 11], "rotation": 180, "texture": "#0"},
				"down": {"uv": [5, 10.5, 2.5, 11], "texture": "#0"}
			}
		},
		{
			"from": [6, 5, 5.9],
			"to": [11, 6, 6],
			"rotation": {"angle": 0, "axis": "y", "origin": [-1, 13, -2.3]},
			"faces": {
				"north": {"uv": [7.5, 10.5, 10, 11], "texture": "#0"},
				"east": {"uv": [0, 0, 0.1, 1], "texture": "#missing"},
				"south": {"uv": [0, 0, 5, 1], "texture": "#missing"},
				"west": {"uv": [0, 0, 0.1, 1], "texture": "#missing"},
				"up": {"uv": [7.5, 10.5, 10, 11], "rotation": 180, "texture": "#0"},
				"down": {"uv": [7.5, 10.5, 10, 11], "rotation": 180, "texture": "#0"}
			}
		},
		{
			"from": [11, 5, 5.9],
			"to": [11.1, 6, 11.1],
			"rotation": {"angle": 0, "axis": "y", "origin": [3.3, 13, 3]},
			"faces": {
				"north": {"uv": [7.5, 10.5, 8, 11], "texture": "#0"},
				"east": {"uv": [5, 10.5, 7.5, 11], "texture": "#0"},
				"south": {"uv": [4.5, 10.5, 5, 11], "texture": "#0"},
				"west": {"uv": [0, 0, 5.2, 1], "texture": "#missing"},
				"up": {"uv": [7.5, 10.5, 5, 11], "rotation": 90, "texture": "#0"},
				"down": {"uv": [7.5, 10.5, 5, 11], "rotation": 270, "texture": "#0"}
			}
		},
		{
			"from": [5.9, 5, 5.9],
			"to": [6, 6, 11.1],
			"rotation": {"angle": 0, "axis": "y", "origin": [-2, 13, 3]},
			"faces": {
				"north": {"uv": [9.5, 10.5, 9.5, 11], "texture": "#0"},
				"east": {"uv": [0, 0, 5.2, 1], "texture": "#missing"},
				"south": {"uv": [2.5, 10.5, 3, 11], "texture": "#0"},
				"west": {"uv": [0, 10.5, 2.5, 11], "texture": "#0"},
				"up": {"uv": [2.5, 10.5, 0, 11], "rotation": 270, "texture": "#0"},
				"down": {"uv": [0, 10.5, 2.5, 11], "rotation": 270, "texture": "#0"}
			}
		},
		{
			"from": [6, 5, 11],
			"to": [11, 6, 11.1],
			"rotation": {"angle": 0, "axis": "y", "origin": [-1, 13, 3]},
			"faces": {
				"north": {"uv": [0, 0, 5, 1], "texture": "#missing"},
				"east": {"uv": [0, 0, 0.1, 1], "texture": "#missing"},
				"south": {"uv": [2.5, 10.5, 5, 11], "texture": "#0"},
				"west": {"uv": [0, 0, 0.1, 1], "texture": "#missing"},
				"up": {"uv": [2.5, 10.5, 5, 11], "texture": "#0"},
				"down": {"uv": [5, 10.5, 2.5, 11], "rotation": 180, "texture": "#0"}
			}
		}
	],
	"display": {
		"thirdperson_righthand": {
			"rotation": [-1, -180, 0],
			"translation": [0, 2.5, -2.25]
		},
		"thirdperson_lefthand": {
			"rotation": [1, -180, 0],
			"translation": [0, 2.5, -2.25]
		},
		"firstperson_righthand": {
			"rotation": [0, -161.5, -5.25],
			"translation": [0.75, 7.5, 0.75]
		},
		"firstperson_lefthand": {
			"rotation": [0, -161.5, -5.25],
			"translation": [0.75, 7.5, 0.75]
		},
		"gui": {
			"rotation": [21, 68, 5],
			"translation": [-0.75, 5.75, 0],
			"scale": [1.5, 1.5, 1.5]
		},
		"fixed": {
			"rotation": [-90, 0, 0],
			"translation": [0, 0, -15.5],
			"scale": [2, 2, 2]
		}
	},
	"groups": [
		{
			"name": "group",
			"origin": [13, 9, 16],
			"color": 0,
			"children": [0, 1, 2, 3, 4, 5, 6, 7]
		},
		{
			"name": "group",
			"origin": [18, 9, 14],
			"color": 0,
			"children": [8, 9, 10, 11]
		},
		{
			"name": "group",
			"origin": [18, 9, 14],
			"color": 0,
			"children": [12, 13, 14, 15]
		}
	]
}