{
	"credit": "Made with Blockbench",
	"textures": {
		"0": "custom/decor/bottles/cup1/cup",
		"particle": "custom/decor/bottles/cup1/cup"
	},
	"elements": [
		{
			"from": [1.2, 1, 10.3],
			"to": [1.3, 2, 15.3],
			"rotation": {"angle": 22.5, "axis": "y", "origin": [4, 4, 8.3]},
			"faces": {
				"north": {"uv": [0, 0, 0.1, 1], "texture": "#missing"},
				"east": {"uv": [0, 0, 5, 1], "texture": "#missing"},
				"south": {"uv": [0, 0, 0.1, 1], "texture": "#missing"},
				"west": {"uv": [7.5, 10.5, 10, 11], "texture": "#0"},
				"up": {"uv": [7.5, 10.5, 10, 11], "rotation": 90, "texture": "#0"},
				"down": {"uv": [7.5, 10.5, 10, 11], "rotation": 270, "texture": "#0"}
			}
		},
		{
			"from": [1.2, 1, 10.2],
			"to": [6.4, 2, 10.3],
			"rotation": {"angle": 22.5, "axis": "y", "origin": [4, 4, 8.3]},
			"faces": {
				"north": {"uv": [5, 10.5, 7.5, 11], "texture": "#0"},
				"east": {"uv": [4.5, 10.5, 5, 11], "texture": "#0"},
				"south": {"uv": [0, 0, 5.2, 1], "texture": "#missing"},
				"west": {"uv": [7.5, 10.5, 8, 11], "texture": "#0"},
				"up": {"uv": [7.5, 10.5, 5, 11], "texture": "#0"},
				"down": {"uv": [7.5, 10.5, 5, 11], "texture": "#0"}
			}
		},
		{
			"from": [1.2, 1, 15.3],
			"to": [6.4, 2, 15.4],
			"rotation": {"angle": 22.5, "axis": "y", "origin": [4, 4, 8.3]},
			"faces": {
				"north": {"uv": [0, 0, 5.2, 1], "texture": "#missing"},
				"east": {"uv": [2.5, 10.5, 3, 11], "texture": "#0"},
				"south": {"uv": [0, 10.5, 2.5, 11], "texture": "#0"},
				"west": {"uv": [9.5, 10.5, 9.5, 11], "texture": "#0"},
				"up": {"uv": [2.5, 10.5, 0, 11], "rotation": 180, "texture": "#0"},
				"down": {"uv": [0, 10.5, 2.5, 11], "texture": "#0"}
			}
		},
		{
			"from": [6.3, 1, 10.3],
			"to": [6.4, 2, 15.3],
			"rotation": {"angle": 22.5, "axis": "y", "origin": [4, 4, 8.3]},
			"faces": {
				"north": {"uv": [0, 0, 0.1, 1], "texture": "#missing"},
				"east": {"uv": [2.5, 10.5, 5, 11], "texture": "#0"},
				"south": {"uv": [0, 0, 0.1, 1], "texture": "#missing"},
				"west": {"uv": [0, 0, 5, 1], "texture": "#missing"},
				"up": {"uv": [2.5, 10.5, 5, 11], "rotation": 270, "texture": "#0"},
				"down": {"uv": [5, 10.5, 2.5, 11], "rotation": 270, "texture": "#0"}
			}
		},
		{
			"from": [5.3, 0, 11.3],
			"to": [6.3, 7, 14.3],
			"rotation": {"angle": 22.5, "axis": "y", "origin": [4, 4, 8.3]},
			"faces": {
				"north": {"uv": [0, 0, 1, 7], "texture": "#missing"},
				"east": {"uv": [3, 12.5, 4.5, 16], "texture": "#0"},
				"south": {"uv": [0, 0, 1, 7], "texture": "#missing"},
				"west": {"uv": [4.5, 12.5, 3, 16], "texture": "#0"},
				"up": {"uv": [0.5, 7, 2, 7.5], "rotation": 90, "texture": "#0"},
				"down": {"uv": [0.5, 9, 2, 9.5], "rotation": 270, "texture": "#0"}
			}
		},
		{
			"from": [2.3, 0, 11.3],
			"to": [5.3, 1, 14.3],
			"rotation": {"angle": 22.5, "axis": "y", "origin": [4, 4, 8.3]},
			"faces": {
				"north": {"uv": [0, 0, 3, 1], "texture": "#missing"},
				"east": {"uv": [0, 0, 3, 1], "texture": "#missing"},
				"south": {"uv": [0, 0, 3, 1], "texture": "#missing"},
				"west": {"uv": [0, 0, 3, 1], "texture": "#missing"},
				"up": {"uv": [0.5, 7.5, 2, 9], "rotation": 90, "texture": "#0"},
				"down": {"uv": [0.5, 7.5, 2, 9], "rotation": 270, "texture": "#0"}
			}
		},
		{
			"from": [1.3, 0, 10.3],
			"to": [6.3, 7, 11.3],
			"rotation": {"angle": 22.5, "axis": "y", "origin": [4, 4, 8.3]},
			"faces": {
				"north": {"uv": [5, 12.5, 7.5, 16], "texture": "#0"},
				"east": {"uv": [4.5, 12.5, 5, 16], "texture": "#0"},
				"south": {"uv": [5, 12.5, 7.5, 16], "texture": "#0"},
				"west": {"uv": [7.5, 12.5, 8, 16], "texture": "#0"},
				"up": {"uv": [0, 7, 0.5, 9.5], "rotation": 90, "texture": "#0"},
				"down": {"uv": [0, 7, 0.5, 9.5], "rotation": 270, "texture": "#0"}
			}
		},
		{
			"from": [1.3, 0, 14.3],
			"to": [6.3, 7, 15.3],
			"rotation": {"angle": 22.5, "axis": "y", "origin": [4, 4, 8.3]},
			"faces": {
				"north": {"uv": [2.5, 12.5, 0, 16], "texture": "#0"},
				"east": {"uv": [2.5, 12.5, 3, 16], "texture": "#0"},
				"south": {"uv": [0, 12.5, 2.5, 16], "texture": "#0"},
				"west": {"uv": [9.5, 12.5, 10, 16], "texture": "#0"},
				"up": {"uv": [2, 7, 2.5, 9.5], "rotation": 90, "texture": "#0"},
				"down": {"uv": [2, 7, 2.5, 9.5], "rotation": 270, "texture": "#0"}
			}
		},
		{
			"from": [1.3, 0, 11.3],
			"to": [2.3, 7, 14.3],
			"rotation": {"angle": 22.5, "axis": "y", "origin": [4, 4, 8.3]},
			"faces": {
				"north": {"uv": [0, 0, 1, 7], "texture": "#missing"},
				"east": {"uv": [8, 12.5, 9.5, 16], "texture": "#0"},
				"south": {"uv": [0, 0, 1, 7], "texture": "#missing"},
				"west": {"uv": [8, 12.5, 9.5, 16], "texture": "#0"},
				"up": {"uv": [0.5, 9, 2, 9.5], "rotation": 90, "texture": "#0"},
				"down": {"uv": [0.5, 7, 2, 7.5], "rotation": 270, "texture": "#0"}
			}
		},
		{
			"from": [6.3, 0.5, 12.3],
			"to": [8.3, 1.5, 13.3],
			"rotation": {"angle": 22.5, "axis": "y", "origin": [4, 4, 8.3]},
			"faces": {
				"north": {"uv": [6, 14.5, 7, 15], "texture": "#0"},
				"east": {"uv": [8.5, 15, 9, 15.5], "texture": "#0"},
				"south": {"uv": [3.5, 15, 4.5, 15.5], "texture": "#0"},
				"west": {"uv": [0, 0, 1, 1], "texture": "#missing"},
				"up": {"uv": [6, 15, 6.5, 16], "rotation": 90, "texture": "#0"},
				"down": {"uv": [8.5, 14.5, 9, 15.5], "rotation": 270, "texture": "#0"}
			}
		},
		{
			"from": [6.3, 5.5, 12.3],
			"to": [8.3, 6.5, 13.3],
			"rotation": {"angle": 22.5, "axis": "y", "origin": [4, 4, 8.3]},
			"faces": {
				"north": {"uv": [6, 13, 7, 13.5], "texture": "#0"},
				"east": {"uv": [6.5, 13.5, 7, 14], "texture": "#0"},
				"south": {"uv": [3.5, 13.5, 4.5, 14], "texture": "#0"},
				"west": {"uv": [0, 0, 1, 1], "texture": "#missing"},
				"up": {"uv": [8.5, 13, 9, 14], "rotation": 90, "texture": "#0"},
				"down": {"uv": [2.5, 13.5, 3, 14.5], "rotation": 270, "texture": "#0"}
			}
		},
		{
			"from": [7.3, 1.5, 12.3],
			"to": [8.3, 5.5, 13.3],
			"rotation": {"angle": 22.5, "axis": "y", "origin": [4, 4, 8.3]},
			"faces": {
				"north": {"uv": [8.5, 13.5, 9, 15.5], "texture": "#0"},
				"east": {"uv": [3.5, 13.5, 4, 15.5], "texture": "#0"},
				"south": {"uv": [8.5, 16, 9, 14], "texture": "#0"},
				"west": {"uv": [8.5, 13.5, 9, 15.5], "texture": "#0"},
				"up": {"uv": [0, 0, 1, 1], "rotation": 90, "texture": "#missing"},
				"down": {"uv": [0, 0, 1, 1], "rotation": 270, "texture": "#missing"}
			}
		},
		{
			"from": [6.3, 5, 10.3],
			"to": [6.4, 6, 15.3],
			"rotation": {"angle": 22.5, "axis": "y", "origin": [4, 4, 8.3]},
			"faces": {
				"north": {"uv": [0, 0, 0.1, 1], "texture": "#missing"},
				"east": {"uv": [7.5, 10.5, 10, 11], "texture": "#0"},
				"south": {"uv": [0, 0, 0.1, 1], "texture": "#missing"},
				"west": {"uv": [0, 0, 5, 1], "texture": "#missing"},
				"up": {"uv": [7.5, 10.5, 10, 11], "rotation": 270, "texture": "#0"},
				"down": {"uv": [7.5, 10.5, 10, 11], "rotation": 90, "texture": "#0"}
			}
		},
		{
			"from": [1.2, 5, 15.3],
			"to": [6.4, 6, 15.4],
			"rotation": {"angle": 22.5, "axis": "y", "origin": [4, 4, 8.3]},
			"faces": {
				"north": {"uv": [0, 0, 5.2, 1], "texture": "#missing"},
				"east": {"uv": [7.5, 10.5, 8, 11], "texture": "#0"},
				"south": {"uv": [5, 10.5, 7.5, 11], "texture": "#0"},
				"west": {"uv": [4.5, 10.5, 5, 11], "texture": "#0"},
				"up": {"uv": [7.5, 10.5, 5, 11], "rotation": 180, "texture": "#0"},
				"down": {"uv": [7.5, 10.5, 5, 11], "rotation": 180, "texture": "#0"}
			}
		},
		{
			"from": [1.2, 5, 10.2],
			"to": [6.4, 6, 10.3],
			"rotation": {"angle": 22.5, "axis": "y", "origin": [4, 4, 8.3]},
			"faces": {
				"north": {"uv": [0, 10.5, 2.5, 11], "texture": "#0"},
				"east": {"uv": [9.5, 10.5, 9.5, 11], "texture": "#0"},
				"south": {"uv": [0, 0, 5.2, 1], "texture": "#missing"},
				"west": {"uv": [2.5, 10.5, 3, 11], "texture": "#0"},
				"up": {"uv": [2.5, 10.5, 0, 11], "texture": "#0"},
				"down": {"uv": [0, 10.5, 2.5, 11], "rotation": 180, "texture": "#0"}
			}
		},
		{
			"from": [1.2, 5, 10.3],
			"to": [1.3, 6, 15.3],
			"rotation": {"angle": 22.5, "axis": "y", "origin": [4, 4, 8.3]},
			"faces": {
				"north": {"uv": [0, 0, 0.1, 1], "texture": "#missing"},
				"east": {"uv": [0, 0, 5, 1], "texture": "#missing"},
				"south": {"uv": [0, 0, 0.1, 1], "texture": "#missing"},
				"west": {"uv": [2.5, 10.5, 5, 11], "texture": "#0"},
				"up": {"uv": [2.5, 10.5, 5, 11], "rotation": 90, "texture": "#0"},
				"down": {"uv": [5, 10.5, 2.5, 11], "rotation": 90, "texture": "#0"}
			}
		},
		{
			"from": [8.80896, 1, 1.23853],
			"to": [8.90896, 2, 6.23853],
			"rotation": {"angle": -22.5, "axis": "y", "origin": [12, 4, 8.3]},
			"faces": {
				"north": {"uv": [0, 0, 0.1, 1], "texture": "#missing"},
				"east": {"uv": [0, 0, 5, 1], "texture": "#missing"},
				"south": {"uv": [0, 0, 0.1, 1], "texture": "#missing"},
				"west": {"uv": [7.5, 10.5, 10, 11], "texture": "#0"},
				"up": {"uv": [7.5, 10.5, 10, 11], "rotation": 90, "texture": "#0"},
				"down": {"uv": [7.5, 10.5, 10, 11], "rotation": 270, "texture": "#0"}
			}
		},
		{
			"from": [8.80896, 1, 1.13853],
			"to": [14.00896, 2, 1.23853],
			"rotation": {"angle": -22.5, "axis": "y", "origin": [12, 4, 8.3]},
			"faces": {
				"north": {"uv": [5, 10.5, 7.5, 11], "texture": "#0"},
				"east": {"uv": [4.5, 10.5, 5, 11], "texture": "#0"},
				"south": {"uv": [0, 0, 5.2, 1], "texture": "#missing"},
				"west": {"uv": [7.5, 10.5, 8, 11], "texture": "#0"},
				"up": {"uv": [7.5, 10.5, 5, 11], "texture": "#0"},
				"down": {"uv": [7.5, 10.5, 5, 11], "texture": "#0"}
			}
		},
		{
			"from": [8.80896, 1, 6.23853],
			"to": [14.00896, 2, 6.33853],
			"rotation": {"angle": -22.5, "axis": "y", "origin": [12, 4, 8.3]},
			"faces": {
				"north": {"uv": [0, 0, 5.2, 1], "texture": "#missing"},
				"east": {"uv": [2.5, 10.5, 3, 11], "texture": "#0"},
				"south": {"uv": [0, 10.5, 2.5, 11], "texture": "#0"},
				"west": {"uv": [9.5, 10.5, 9.5, 11], "texture": "#0"},
				"up": {"uv": [2.5, 10.5, 0, 11], "rotation": 180, "texture": "#0"},
				"down": {"uv": [0, 10.5, 2.5, 11], "texture": "#0"}
			}
		},
		{
			"from": [13.90896, 1, 1.23853],
			"to": [14.00896, 2, 6.23853],
			"rotation": {"angle": -22.5, "axis": "y", "origin": [12, 4, 8.3]},
			"faces": {
				"north": {"uv": [0, 0, 0.1, 1], "texture": "#missing"},
				"east": {"uv": [2.5, 10.5, 5, 11], "texture": "#0"},
				"south": {"uv": [0, 0, 0.1, 1], "texture": "#missing"},
				"west": {"uv": [0, 0, 5, 1], "texture": "#missing"},
				"up": {"uv": [2.5, 10.5, 5, 11], "rotation": 270, "texture": "#0"},
				"down": {"uv": [5, 10.5, 2.5, 11], "rotation": 270, "texture": "#0"}
			}
		},
		{
			"from": [12.90896, 0, 2.23853],
			"to": [13.90896, 7, 5.23853],
			"rotation": {"angle": -22.5, "axis": "y", "origin": [12, 4, 8.3]},
			"faces": {
				"north": {"uv": [0, 0, 1, 7], "texture": "#missing"},
				"east": {"uv": [3, 12.5, 4.5, 16], "texture": "#0"},
				"south": {"uv": [0, 0, 1, 7], "texture": "#missing"},
				"west": {"uv": [4.5, 12.5, 3, 16], "texture": "#0"},
				"up": {"uv": [0.5, 7, 2, 7.5], "rotation": 90, "texture": "#0"},
				"down": {"uv": [0.5, 9, 2, 9.5], "rotation": 270, "texture": "#0"}
			}
		},
		{
			"from": [9.90896, 0, 2.23853],
			"to": [12.90896, 1, 5.23853],
			"rotation": {"angle": -22.5, "axis": "y", "origin": [12, 4, 8.3]},
			"faces": {
				"north": {"uv": [0, 0, 3, 1], "texture": "#missing"},
				"east": {"uv": [0, 0, 3, 1], "texture": "#missing"},
				"south": {"uv": [0, 0, 3, 1], "texture": "#missing"},
				"west": {"uv": [0, 0, 3, 1], "texture": "#missing"},
				"up": {"uv": [0.5, 7.5, 2, 9], "rotation": 90, "texture": "#0"},
				"down": {"uv": [0.5, 7.5, 2, 9], "rotation": 270, "texture": "#0"}
			}
		},
		{
			"from": [8.90896, 0, 1.23853],
			"to": [13.90896, 7, 2.23853],
			"rotation": {"angle": -22.5, "axis": "y", "origin": [12, 4, 8.3]},
			"faces": {
				"north": {"uv": [5, 12.5, 7.5, 16], "texture": "#0"},
				"east": {"uv": [4.5, 12.5, 5, 16], "texture": "#0"},
				"south": {"uv": [5, 12.5, 7.5, 16], "texture": "#0"},
				"west": {"uv": [7.5, 12.5, 8, 16], "texture": "#0"},
				"up": {"uv": [0, 7, 0.5, 9.5], "rotation": 90, "texture": "#0"},
				"down": {"uv": [0, 7, 0.5, 9.5], "rotation": 270, "texture": "#0"}
			}
		},
		{
			"from": [8.90896, 0, 5.23853],
			"to": [13.90896, 7, 6.23853],
			"rotation": {"angle": -22.5, "axis": "y", "origin": [12, 4, 8.3]},
			"faces": {
				"north": {"uv": [2.5, 12.5, 0, 16], "texture": "#0"},
				"east": {"uv": [2.5, 12.5, 3, 16], "texture": "#0"},
				"south": {"uv": [0, 12.5, 2.5, 16], "texture": "#0"},
				"west": {"uv": [9.5, 12.5, 10, 16], "texture": "#0"},
				"up": {"uv": [2, 7, 2.5, 9.5], "rotation": 90, "texture": "#0"},
				"down": {"uv": [2, 7, 2.5, 9.5], "rotation": 270, "texture": "#0"}
			}
		},
		{
			"from": [8.90896, 0, 2.23853],
			"to": [9.90896, 7, 5.23853],
			"rotation": {"angle": -22.5, "axis": "y", "origin": [12, 4, 8.3]},
			"faces": {
				"north": {"uv": [0, 0, 1, 7], "texture": "#missing"},
				"east": {"uv": [8, 12.5, 9.5, 16], "texture": "#0"},
				"south": {"uv": [0, 0, 1, 7], "texture": "#missing"},
				"west": {"uv": [8, 12.5, 9.5, 16], "texture": "#0"},
				"up": {"uv": [0.5, 9, 2, 9.5], "rotation": 90, "texture": "#0"},
				"down": {"uv": [0.5, 7, 2, 7.5], "rotation": 270, "texture": "#0"}
			}
		},
		{
			"from": [13.90896, 0.5, 3.23853],
			"to": [15.90896, 1.5, 4.23853],
			"rotation": {"angle": -22.5, "axis": "y", "origin": [12, 4, 8.3]},
			"faces": {
				"north": {"uv": [6, 14.5, 7, 15], "texture": "#0"},
				"east": {"uv": [8.5, 15, 9, 15.5], "texture": "#0"},
				"south": {"uv": [3.5, 15, 4.5, 15.5], "texture": "#0"},
				"west": {"uv": [0, 0, 1, 1], "texture": "#missing"},
				"up": {"uv": [6, 15, 6.5, 16], "rotation": 90, "texture": "#0"},
				"down": {"uv": [8.5, 14.5, 9, 15.5], "rotation": 270, "texture": "#0"}
			}
		},
		{
			"from": [13.90896, 5.5, 3.23853],
			"to": [15.90896, 6.5, 4.23853],
			"rotation": {"angle": -22.5, "axis": "y", "origin": [12, 4, 8.3]},
			"faces": {
				"north": {"uv": [6, 13, 7, 13.5], "texture": "#0"},
				"east": {"uv": [6.5, 13.5, 7, 14], "texture": "#0"},
				"south": {"uv": [3.5, 13.5, 4.5, 14], "texture": "#0"},
				"west": {"uv": [0, 0, 1, 1], "texture": "#missing"},
				"up": {"uv": [8.5, 13, 9, 14], "rotation": 90, "texture": "#0"},
				"down": {"uv": [2.5, 13.5, 3, 14.5], "rotation": 270, "texture": "#0"}
			}
		},
		{
			"from": [14.90896, 1.5, 3.23853],
			"to": [15.90896, 5.5, 4.23853],
			"rotation": {"angle": -22.5, "axis": "y", "origin": [12, 4, 8.3]},
			"faces": {
				"north": {"uv": [8.5, 13.5, 9, 15.5], "texture": "#0"},
				"east": {"uv": [3.5, 13.5, 4, 15.5], "texture": "#0"},
				"south": {"uv": [8.5, 16, 9, 14], "texture": "#0"},
				"west": {"uv": [8.5, 13.5, 9, 15.5], "texture": "#0"},
				"up": {"uv": [0, 0, 1, 1], "rotation": 90, "texture": "#missing"},
				"down": {"uv": [0, 0, 1, 1], "rotation": 270, "texture": "#missing"}
			}
		},
		{
			"from": [13.90896, 5, 1.23853],
			"to": [14.00896, 6, 6.23853],
			"rotation": {"angle": -22.5, "axis": "y", "origin": [12, 4, 8.3]},
			"faces": {
				"north": {"uv": [0, 0, 0.1, 1], "texture": "#missing"},
				"east": {"uv": [7.5, 10.5, 10, 11], "texture": "#0"},
				"south": {"uv": [0, 0, 0.1, 1], "texture": "#missing"},
				"west": {"uv": [0, 0, 5, 1], "texture": "#missing"},
				"up": {"uv": [7.5, 10.5, 10, 11], "rotation": 270, "texture": "#0"},
				"down": {"uv": [7.5, 10.5, 10, 11], "rotation": 90, "texture": "#0"}
			}
		},
		{
			"from": [8.80896, 5, 6.23853],
			"to": [14.00896, 6, 6.33853],
			"rotation": {"angle": -22.5, "axis": "y", "origin": [12, 4, 8.3]},
			"faces": {
				"north": {"uv": [0, 0, 5.2, 1], "texture": "#missing"},
				"east": {"uv": [7.5, 10.5, 8, 11], "texture": "#0"},
				"south": {"uv": [5, 10.5, 7.5, 11], "texture": "#0"},
				"west": {"uv": [4.5, 10.5, 5, 11], "texture": "#0"},
				"up": {"uv": [7.5, 10.5, 5, 11], "rotation": 180, "texture": "#0"},
				"down": {"uv": [7.5, 10.5, 5, 11], "rotation": 180, "texture": "#0"}
			}
		},
		{
			"from": [8.80896, 5, 1.13853],
			"to": [14.00896, 6, 1.23853],
			"rotation": {"angle": -22.5, "axis": "y", "origin": [12, 4, 8.3]},
			"faces": {
				"north": {"uv": [0, 10.5, 2.5, 11], "texture": "#0"},
				"east": {"uv": [9.5, 10.5, 9.5, 11], "texture": "#0"},
				"south": {"uv": [0, 0, 5.2, 1], "texture": "#missing"},
				"west": {"uv": [2.5, 10.5, 3, 11], "texture": "#0"},
				"up": {"uv": [2.5, 10.5, 0, 11], "texture": "#0"},
				"down": {"uv": [0, 10.5, 2.5, 11], "rotation": 180, "texture": "#0"}
			}
		},
		{
			"from": [8.80896, 5, 1.23853],
			"to": [8.90896, 6, 6.23853],
			"rotation": {"angle": -22.5, "axis": "y", "origin": [12, 4, 8.3]},
			"faces": {
				"north": {"uv": [0, 0, 0.1, 1], "texture": "#missing"},
				"east": {"uv": [0, 0, 5, 1], "texture": "#missing"},
				"south": {"uv": [0, 0, 0.1, 1], "texture": "#missing"},
				"west": {"uv": [2.5, 10.5, 5, 11], "texture": "#0"},
				"up": {"uv": [2.5, 10.5, 5, 11], "rotation": 90, "texture": "#0"},
				"down": {"uv": [5, 10.5, 2.5, 11], "rotation": 90, "texture": "#0"}
			}
		}
	],
	"display": {
		"thirdperson_righthand": {
			"rotation": [-1, -180, 0],
			"translation": [0, 2.5, -2.25]
		},
		"thirdperson_lefthand": {
			"rotation": [1, -180, 0],
			"translation": [0, 2.5, -2.25]
		},
		"firstperson_righthand": {
			"rotation": [0, -161.5, -5.25],
			"translation": [0.75, 7.5, 0.75]
		},
		"firstperson_lefthand": {
			"rotation": [0, -161.5, -5.25],
			"translation": [0.75, 7.5, 0.75]
		},
		"gui": {
			"rotation": [21, 68, 5],
			"translation": [-0.75, 4, 0],
			"scale": [1.2, 1.2, 1.2]
		},
		"fixed": {
			"rotation": [-90, 0, 0],
			"translation": [0, 0, -15.5],
			"scale": [2, 2, 2]
		}
	},
	"groups": [
		{
			"name": "group",
			"origin": [8, 8, 8],
			"color": 0,
			"children": [
				{
					"name": "group",
					"origin": [18, 9, 14],
					"color": 0,
					"children": [0, 1, 2, 3]
				},
				{
					"name": "group",
					"origin": [13, 9, 16],
					"color": 0,
					"children": [4, 5, 6, 7, 8, 9, 10, 11]
				},
				{
					"name": "group",
					"origin": [18, 9, 14],
					"color": 0,
					"children": [12, 13, 14, 15]
				}
			]
		},
		{
			"name": "group",
			"origin": [8, 8, 8],
			"color": 0,
			"children": [
				{
					"name": "group",
					"origin": [18, 9, 14],
					"color": 0,
					"children": [16, 17, 18, 19]
				},
				{
					"name": "group",
					"origin": [13, 9, 16],
					"color": 0,
					"children": [20, 21, 22, 23, 24, 25, 26, 27]
				},
				{
					"name": "group",
					"origin": [18, 9, 14],
					"color": 0,
					"children": [28, 29, 30, 31]
				}
			]
		}
	]
}