{
    "providers": [
        {
            "ascent": 8,
            "chars": [
                ""
            ],
            "file": "custom/ui/wall.png",
            "height": 16,
            "type": "bitmap"
        },
        {
            "ascent": 8,
            "chars": [
                ""
            ],
            "file": "custom/ui/rocks1.png",
            "height": 16,
            "type": "bitmap"
        },
        {
            "ascent": 8,
            "chars": [
                ""
            ],
            "file": "custom/ui/rocks2.png",
            "height": 16,
            "type": "bitmap"
        },
        {
            "ascent": 8,
            "chars": [
                ""
            ],
            "file": "custom/ui/rocks3.png",
            "height": 16,
            "type": "bitmap"
        },
        {
            "ascent": 8,
            "chars": [
                ""
            ],
            "file": "custom/ui/book_stack1.png",
            "height": 16,
            "type": "bitmap"
        },
        {
            "ascent": 8,
            "chars": [
                ""
            ],
            "file": "custom/ui/book_stack2.png",
            "height": 16,
            "type": "bitmap"
        },
        {
            "ascent": 8,
            "chars": [
                ""
            ],
            "file": "custom/ui/book1.png",
            "height": 16,
            "type": "bitmap"
        },
        {
            "ascent": 8,
            "chars": [
                ""
            ],
            "file": "custom/ui/book2.png",
            "height": 16,
            "type": "bitmap"
        },
        {
            "ascent": 8,
            "chars": [
                ""
            ],
            "file": "custom/ui/scroll1.png",
            "height": 16,
            "type": "bitmap"
        },
        {
            "ascent": 8,
            "chars": [
                ""
            ],
            "file": "custom/ui/scroll2.png",
            "height": 16,
            "type": "bitmap"
        },
        {
            "ascent": 8,
            "chars": [
                ""
            ],
            "file": "custom/ui/landmine.png",
            "height": 16,
            "type": "bitmap"
        },
        {
            "ascent": 8,
            "chars": [
                ""
            ],
            "file": "custom/ui/bear_trap.png",
            "height": 16,
            "type": "bitmap"
        },
        {
            "ascent": 8,
            "chars": [
                ""
            ],
            "file": "custom/ui/bear_trap_closed.png",
            "height": 16,
            "type": "bitmap"
        },
        {
            "ascent": 8,
            "chars": [
                ""
            ],
            "file": "custom/ui/switch_box.png",
            "height": 16,
            "type": "bitmap"
        },
        {
            "ascent": 8,
            "chars": [
                ""
            ],
            "file": "custom/ui/tabs.png",
            "height": 16,
            "type": "bitmap"
        },
        {
            "ascent": 8,
            "chars": [
                ""
            ],
            "file": "custom/ui/cup.png",
            "height": 16,
            "type": "bitmap"
        },
        {
            "ascent": 8,
            "chars": [
                ""
            ],
            "file": "custom/ui/cup2.png",
            "height": 16,
            "type": "bitmap"
        },
        {
            "ascent": 8,
            "chars": [
                ""
            ],
            "file": "custom/ui/iron_sword_prop.png",
            "height": 16,
            "type": "bitmap"
        },
        {
            "ascent": 8,
            "chars": [
                ""
            ],
            "file": "custom/ui/iron_pickaxe_prop.png",
            "height": 16,
            "type": "bitmap"
        },
        {
            "ascent": 8,
            "chars": [
                ""
            ],
            "file": "custom/ui/sleeping_bag.png",
            "height": 16,
            "type": "bitmap"
        },
        {
            "ascent": 8,
            "chars": [
                ""
            ],
            "file": "custom/ui/enchantanvil.png",
            "height": 16,
            "type": "bitmap"
        },
        {
            "ascent": 8,
            "chars": [
                ""
            ],
            "file": "custom/ui/logs1.png",
            "height": 16,
            "type": "bitmap"
        },
        {
            "ascent": 8,
            "chars": [
                ""
            ],
            "file": "custom/ui/logs2.png",
            "height": 16,
            "type": "bitmap"
        },
        {
            "ascent": 8,
            "chars": [
                ""
            ],
            "file": "custom/ui/logs3.png",
            "height": 16,
            "type": "bitmap"
        },
        {
            "ascent": 8,
            "chars": [
                ""
            ],
            "file": "custom/ui/yeosleeping.png",
            "height": 16,
            "type": "bitmap"
        },
        {
            "ascent": 8,
            "chars": [
                ""
            ],
            "file": "custom/ui/spyglass.png",
            "height": 16,
            "type": "bitmap"
        },
        {
            "ascent": 8,
            "chars": [
                ""
            ],
            "file": "custom/ui/bow_prop.png",
            "height": 16,
            "type": "bitmap"
        },
        {
            "ascent": 8,
            "chars": [
                "꡴"
            ],
            "file": "custom/ui/stocking.png",
            "height": 16,
            "type": "bitmap"
        },
        {
            "ascent": 8,
            "chars": [
                "꡵"
            ],
            "file": "custom/ui/forge_hammer.png",
            "height": 16,
            "type": "bitmap"
        },
        {
            "ascent": 8,
            "chars": [
                "꡷"
            ],
            "file": "custom/ui/tree.png",
            "height": 16,
            "type": "bitmap"
        },
        {
            "ascent": 8,
            "chars": [
                "꡶"
            ],
            "file": "custom/ui/lights.png",
            "height": 16,
            "type": "bitmap"
        }
    ]
}