{
	"credit": "Made with Blockbench",
	"textures": {
		"0": "custom/decor/tools/iron_sword",
		"particle": "custom/decor/tools/iron_sword"
	},
	"elements": [
		{
			"name": "iron_sword_0",
			"from": [13, 0, 0],
			"to": [16, 1, 3],
			"faces": {
				"north": {"uv": [16, 0, 13, 1], "texture": "#0"},
				"east": {"uv": [15, 0, 16, 3], "rotation": 90, "texture": "#0"},
				"south": {"uv": [13, 2, 16, 3], "texture": "#0"},
				"west": {"uv": [13, 0, 14, 3], "rotation": 270, "texture": "#0"},
				"up": {"uv": [13, 0, 16, 3], "texture": "#0"},
				"down": {"uv": [13, 3, 16, 0], "texture": "#0"}
			}
		},
		{
			"name": "iron_sword_1",
			"from": [12, 0, 1],
			"to": [13, 1, 6],
			"faces": {
				"north": {"uv": [13, 1, 12, 2], "texture": "#0"},
				"east": {"uv": [12, 1, 13, 6], "rotation": 90, "texture": "#0"},
				"south": {"uv": [12, 5, 13, 6], "texture": "#0"},
				"west": {"uv": [12, 1, 13, 6], "rotation": 270, "texture": "#0"},
				"up": {"uv": [12, 1, 13, 6], "texture": "#0"},
				"down": {"uv": [12, 6, 13, 1], "texture": "#0"}
			}
		},
		{
			"name": "iron_sword_2",
			"from": [11, 0, 2],
			"to": [12, 1, 7],
			"faces": {
				"north": {"uv": [12, 2, 11, 3], "texture": "#0"},
				"east": {"uv": [11, 2, 12, 7], "rotation": 90, "texture": "#0"},
				"south": {"uv": [11, 6, 12, 7], "texture": "#0"},
				"west": {"uv": [11, 2, 12, 7], "rotation": 270, "texture": "#0"},
				"up": {"uv": [11, 2, 12, 7], "texture": "#0"},
				"down": {"uv": [11, 7, 12, 2], "texture": "#0"}
			}
		},
		{
			"name": "iron_sword_3",
			"from": [10, 0, 3],
			"to": [11, 1, 8],
			"faces": {
				"north": {"uv": [11, 3, 10, 4], "texture": "#0"},
				"east": {"uv": [10, 3, 11, 8], "rotation": 90, "texture": "#0"},
				"south": {"uv": [10, 7, 11, 8], "texture": "#0"},
				"west": {"uv": [10, 3, 11, 8], "rotation": 270, "texture": "#0"},
				"up": {"uv": [10, 3, 11, 8], "texture": "#0"},
				"down": {"uv": [10, 8, 11, 3], "texture": "#0"}
			}
		},
		{
			"name": "iron_sword_4",
			"from": [13, 0, 3],
			"to": [15, 1, 4],
			"faces": {
				"north": {"uv": [15, 3, 13, 4], "texture": "#0"},
				"east": {"uv": [14, 3, 15, 4], "rotation": 90, "texture": "#0"},
				"south": {"uv": [13, 3, 15, 4], "texture": "#0"},
				"west": {"uv": [13, 3, 14, 4], "rotation": 270, "texture": "#0"},
				"up": {"uv": [13, 3, 15, 4], "texture": "#0"},
				"down": {"uv": [13, 4, 15, 3], "texture": "#0"}
			}
		},
		{
			"name": "iron_sword_5",
			"from": [9, 0, 4],
			"to": [10, 1, 9],
			"faces": {
				"north": {"uv": [10, 4, 9, 5], "texture": "#0"},
				"east": {"uv": [9, 4, 10, 9], "rotation": 90, "texture": "#0"},
				"south": {"uv": [9, 8, 10, 9], "texture": "#0"},
				"west": {"uv": [9, 4, 10, 9], "rotation": 270, "texture": "#0"},
				"up": {"uv": [9, 4, 10, 9], "texture": "#0"},
				"down": {"uv": [9, 9, 10, 4], "texture": "#0"}
			}
		},
		{
			"name": "iron_sword_6",
			"from": [13, 0, 4],
			"to": [14, 1, 5],
			"faces": {
				"north": {"uv": [14, 4, 13, 5], "texture": "#0"},
				"east": {"uv": [13, 4, 14, 5], "rotation": 90, "texture": "#0"},
				"south": {"uv": [13, 4, 14, 5], "texture": "#0"},
				"west": {"uv": [13, 4, 14, 5], "rotation": 270, "texture": "#0"},
				"up": {"uv": [13, 4, 14, 5], "texture": "#0"},
				"down": {"uv": [13, 5, 14, 4], "texture": "#0"}
			}
		},
		{
			"name": "iron_sword_7",
			"from": [8, 0, 5],
			"to": [9, 1, 10],
			"faces": {
				"north": {"uv": [9, 5, 8, 6], "texture": "#0"},
				"east": {"uv": [8, 5, 9, 10], "rotation": 90, "texture": "#0"},
				"south": {"uv": [8, 9, 9, 10], "texture": "#0"},
				"west": {"uv": [8, 5, 9, 10], "rotation": 270, "texture": "#0"},
				"up": {"uv": [8, 5, 9, 10], "texture": "#0"},
				"down": {"uv": [8, 10, 9, 5], "texture": "#0"}
			}
		},
		{
			"name": "iron_sword_8",
			"from": [2, 0, 6],
			"to": [4, 1, 8],
			"faces": {
				"north": {"uv": [4, 6, 2, 7], "texture": "#0"},
				"east": {"uv": [3, 6, 4, 8], "rotation": 90, "texture": "#0"},
				"south": {"uv": [2, 7, 4, 8], "texture": "#0"},
				"west": {"uv": [2, 6, 3, 8], "rotation": 270, "texture": "#0"},
				"up": {"uv": [2, 6, 4, 8], "texture": "#0"},
				"down": {"uv": [2, 8, 4, 6], "texture": "#0"}
			}
		},
		{
			"name": "iron_sword_9",
			"from": [7, 0, 6],
			"to": [8, 1, 13],
			"faces": {
				"north": {"uv": [8, 6, 7, 7], "texture": "#0"},
				"east": {"uv": [7, 6, 8, 13], "rotation": 90, "texture": "#0"},
				"south": {"uv": [7, 12, 8, 13], "texture": "#0"},
				"west": {"uv": [7, 6, 8, 13], "rotation": 270, "texture": "#0"},
				"up": {"uv": [7, 6, 8, 13], "texture": "#0"},
				"down": {"uv": [7, 13, 8, 6], "texture": "#0"}
			}
		},
		{
			"name": "iron_sword_10",
			"from": [4, 0, 7],
			"to": [5, 1, 13],
			"faces": {
				"north": {"uv": [5, 7, 4, 8], "texture": "#0"},
				"east": {"uv": [4, 7, 5, 13], "rotation": 90, "texture": "#0"},
				"south": {"uv": [4, 12, 5, 13], "texture": "#0"},
				"west": {"uv": [4, 7, 5, 13], "rotation": 270, "texture": "#0"},
				"up": {"uv": [4, 7, 5, 13], "texture": "#0"},
				"down": {"uv": [4, 13, 5, 7], "texture": "#0"}
			}
		},
		{
			"name": "iron_sword_11",
			"from": [6, 0, 7],
			"to": [7, 1, 13],
			"faces": {
				"north": {"uv": [7, 7, 6, 8], "texture": "#0"},
				"east": {"uv": [6, 7, 7, 13], "rotation": 90, "texture": "#0"},
				"south": {"uv": [6, 12, 7, 13], "texture": "#0"},
				"west": {"uv": [6, 7, 7, 13], "rotation": 270, "texture": "#0"},
				"up": {"uv": [6, 7, 7, 13], "texture": "#0"},
				"down": {"uv": [6, 13, 7, 7], "texture": "#0"}
			}
		},
		{
			"name": "iron_sword_12",
			"from": [3, 0, 8],
			"to": [4, 1, 10],
			"faces": {
				"north": {"uv": [4, 8, 3, 9], "texture": "#0"},
				"east": {"uv": [3, 8, 4, 10], "rotation": 90, "texture": "#0"},
				"south": {"uv": [3, 9, 4, 10], "texture": "#0"},
				"west": {"uv": [3, 8, 4, 10], "rotation": 270, "texture": "#0"},
				"up": {"uv": [3, 8, 4, 10], "texture": "#0"},
				"down": {"uv": [3, 10, 4, 8], "texture": "#0"}
			}
		},
		{
			"name": "iron_sword_13",
			"from": [5, 0, 8],
			"to": [6, 1, 12],
			"faces": {
				"north": {"uv": [6, 8, 5, 9], "texture": "#0"},
				"east": {"uv": [5, 8, 6, 12], "rotation": 90, "texture": "#0"},
				"south": {"uv": [5, 11, 6, 12], "texture": "#0"},
				"west": {"uv": [5, 8, 6, 12], "rotation": 270, "texture": "#0"},
				"up": {"uv": [5, 8, 6, 12], "texture": "#0"},
				"down": {"uv": [5, 12, 6, 8], "texture": "#0"}
			}
		},
		{
			"name": "iron_sword_14",
			"from": [3, 0, 11],
			"to": [4, 1, 14],
			"faces": {
				"north": {"uv": [4, 11, 3, 12], "texture": "#0"},
				"east": {"uv": [3, 11, 4, 14], "rotation": 90, "texture": "#0"},
				"south": {"uv": [3, 13, 4, 14], "texture": "#0"},
				"west": {"uv": [3, 11, 4, 14], "rotation": 270, "texture": "#0"},
				"up": {"uv": [3, 11, 4, 14], "texture": "#0"},
				"down": {"uv": [3, 14, 4, 11], "texture": "#0"}
			}
		},
		{
			"name": "iron_sword_15",
			"from": [8, 0, 11],
			"to": [9, 1, 14],
			"faces": {
				"north": {"uv": [9, 11, 8, 12], "texture": "#0"},
				"east": {"uv": [8, 11, 9, 14], "rotation": 90, "texture": "#0"},
				"south": {"uv": [8, 13, 9, 14], "texture": "#0"},
				"west": {"uv": [8, 11, 9, 14], "rotation": 270, "texture": "#0"},
				"up": {"uv": [8, 11, 9, 14], "texture": "#0"},
				"down": {"uv": [8, 14, 9, 11], "texture": "#0"}
			}
		},
		{
			"name": "iron_sword_16",
			"from": [2, 0, 12],
			"to": [3, 1, 16],
			"faces": {
				"north": {"uv": [3, 12, 2, 13], "texture": "#0"},
				"east": {"uv": [2, 12, 3, 16], "rotation": 90, "texture": "#0"},
				"south": {"uv": [2, 15, 3, 16], "texture": "#0"},
				"west": {"uv": [2, 12, 3, 16], "rotation": 270, "texture": "#0"},
				"up": {"uv": [2, 12, 3, 16], "texture": "#0"},
				"down": {"uv": [2, 16, 3, 12], "texture": "#0"}
			}
		},
		{
			"name": "iron_sword_17",
			"from": [9, 0, 12],
			"to": [10, 1, 14],
			"faces": {
				"north": {"uv": [10, 12, 9, 13], "texture": "#0"},
				"east": {"uv": [9, 12, 10, 14], "rotation": 90, "texture": "#0"},
				"south": {"uv": [9, 13, 10, 14], "texture": "#0"},
				"west": {"uv": [9, 12, 10, 14], "rotation": 270, "texture": "#0"},
				"up": {"uv": [9, 12, 10, 14], "texture": "#0"},
				"down": {"uv": [9, 14, 10, 12], "texture": "#0"}
			}
		},
		{
			"name": "iron_sword_18",
			"from": [0, 0, 13],
			"to": [2, 1, 16],
			"faces": {
				"north": {"uv": [2, 13, 0, 14], "texture": "#0"},
				"east": {"uv": [1, 13, 2, 16], "rotation": 90, "texture": "#0"},
				"south": {"uv": [0, 15, 2, 16], "texture": "#0"},
				"west": {"uv": [0, 13, 1, 16], "rotation": 270, "texture": "#0"},
				"up": {"uv": [0, 13, 2, 16], "texture": "#0"},
				"down": {"uv": [0, 16, 2, 13], "texture": "#0"}
			}
		}
	],
	"display": {
		"thirdperson_righthand": {
			"rotation": [50, 0, 90],
			"translation": [-7, 0.25, 0]
		},
		"thirdperson_lefthand": {
			"rotation": [50, 0, 90],
			"translation": [-7, 0.25, 0]
		},
		"ground": {
			"translation": [0, 9.25, 0]
		},
		"gui": {
			"rotation": [114, 0, 46.25],
			"translation": [-6.5, -2.5, 0],
			"scale": [1.2, 1.2, 1.2]
		},
		"fixed": {
			"rotation": [90, 0, 0],
			"translation": [0, 0, 14],
			"scale": [2, 2, 2]
		}
	},
	"groups": [
		{
			"name": "iron_sword",
			"origin": [8, 8, 8],
			"color": 0,
			"children": [0, 1, 2, 3, 4, 5, 6, 7, 8, 9, 10, 11, 12, 13, 14, 15, 16, 17, 18]
		}
	]
}