{
	"credit": "Made with Blockbench",
	"textures": {
		"0": "custom/decor/logs/logs1",
		"particle": "custom/decor/logs/logs1"
	},
	"elements": [
		{
			"from": [7.3, 0, -5],
			"to": [11.3, 4, 27],
			"rotation": {"angle": 22.5, "axis": "y", "origin": [0, 0, 0]},
			"faces": {
				"north": {"uv": [0, 2, 2, 4], "texture": "#0"},
				"east": {"uv": [16, 2, 0, 0], "texture": "#0"},
				"south": {"uv": [0, 2, 2, 4], "texture": "#0"},
				"west": {"uv": [0, 0, 16, 2], "texture": "#0"},
				"up": {"uv": [0, 2, 16, 0], "rotation": 90, "texture": "#0"},
				"down": {"uv": [16, 0, 0, 2], "rotation": 90, "texture": "#0"}
			}
		},
		{
			"from": [0.3, 0, -5],
			"to": [4.3, 4, 27],
			"faces": {
				"north": {"uv": [0, 2, 2, 4], "texture": "#0"},
				"east": {"uv": [16, 2, 0, 0], "texture": "#0"},
				"south": {"uv": [0, 2, 2, 4], "texture": "#0"},
				"west": {"uv": [0, 0, 16, 2], "texture": "#0"},
				"up": {"uv": [0, 2, 16, 0], "rotation": 90, "texture": "#0"},
				"down": {"uv": [16, 0, 0, 2], "rotation": 90, "texture": "#0"}
			}
		},
		{
			"from": [4.3, 4, -16],
			"to": [8.3, 8, 16],
			"rotation": {"angle": -45, "axis": "y", "origin": [0, 0, 0]},
			"faces": {
				"north": {"uv": [0, 2, 2, 4], "texture": "#0"},
				"east": {"uv": [16, 2, 0, 0], "texture": "#0"},
				"south": {"uv": [0, 2, 2, 4], "texture": "#0"},
				"west": {"uv": [0, 0, 16, 2], "texture": "#0"},
				"up": {"uv": [0, 2, 16, 0], "rotation": 90, "texture": "#0"},
				"down": {"uv": [16, 0, 0, 2], "rotation": 90, "texture": "#0"}
			}
		},
		{
			"from": [-6, 4, 12.91522],
			"to": [26, 8, 16.91522],
			"rotation": {"angle": 22.5, "axis": "y", "origin": [14, 0, 12]},
			"faces": {
				"north": {"uv": [0, 0, 16, 2], "texture": "#0"},
				"east": {"uv": [0, 2, 2, 4], "texture": "#0"},
				"south": {"uv": [16, 2, 0, 0], "texture": "#0"},
				"west": {"uv": [0, 2, 2, 4], "texture": "#0"},
				"up": {"uv": [0, 2, 16, 0], "rotation": 180, "texture": "#0"},
				"down": {"uv": [16, 0, 0, 2], "texture": "#0"}
			}
		}
	],
	"display": {
		"gui": {
			"rotation": [32, -35.5, 0],
			"translation": [0.75, 1.75, 0],
			"scale": [0.5, 0.5, 0.5]
		},
		"fixed": {
			"rotation": [-90, 0, 0],
			"translation": [0, 0, -16],
			"scale": [2, 2, 2]
		}
	}
}