{
	"credit": "Made with Blockbench",
	"textures": {
		"0": "custom/decor/christmas/stocking",
		"particle": "custom/decor/christmas/stocking"
	},
	"elements": [
		{
			"name": "stocking_0",
			"from": [4, 9, 7],
			"to": [11, 12, 8],
			"faces": {
				"north": {"uv": [3, 5, 10, 2], "rotation": 180, "texture": "#0"},
				"east": {"uv": [9, 2, 10, 5], "texture": "#0"},
				"south": {"uv": [3, 2, 10, 5], "texture": "#0"},
				"west": {"uv": [3, 2, 4, 5], "texture": "#0"},
				"up": {"uv": [10, 2, 3, 3], "rotation": 180, "texture": "#0"},
				"down": {"uv": [3, 4, 10, 5], "texture": "#0"}
			}
		},
		{
			"name": "stocking_1",
			"from": [5, 4, 7],
			"to": [10, 9, 8],
			"faces": {
				"north": {"uv": [4, 10, 9, 5], "rotation": 180, "texture": "#0"},
				"east": {"uv": [8, 5, 9, 10], "texture": "#0"},
				"south": {"uv": [4, 5, 9, 10], "texture": "#0"},
				"west": {"uv": [4, 5, 5, 10], "texture": "#0"},
				"up": {"uv": [9, 5, 4, 6], "rotation": 180, "texture": "#0"},
				"down": {"uv": [4, 9, 9, 10], "texture": "#0"}
			}
		},
		{
			"name": "stocking_2",
			"from": [10, 0, 7],
			"to": [11, 5, 8],
			"faces": {
				"north": {"uv": [9, 14, 10, 9], "rotation": 180, "texture": "#0"},
				"east": {"uv": [9, 9, 10, 14], "texture": "#0"},
				"south": {"uv": [9, 9, 10, 14], "texture": "#0"},
				"west": {"uv": [9, 9, 10, 14], "texture": "#0"},
				"up": {"uv": [10, 9, 9, 10], "rotation": 180, "texture": "#0"},
				"down": {"uv": [9, 13, 10, 14], "texture": "#0"}
			}
		},
		{
			"name": "stocking_3",
			"from": [6, 2, 7],
			"to": [10, 4, 8],
			"faces": {
				"north": {"uv": [5, 12, 9, 10], "rotation": 180, "texture": "#0"},
				"east": {"uv": [8, 10, 9, 12], "texture": "#0"},
				"south": {"uv": [5, 10, 9, 12], "texture": "#0"},
				"west": {"uv": [5, 10, 6, 12], "texture": "#0"},
				"up": {"uv": [9, 10, 5, 11], "rotation": 180, "texture": "#0"},
				"down": {"uv": [5, 11, 9, 12], "texture": "#0"}
			}
		},
		{
			"name": "stocking_4",
			"from": [11, 0, 7],
			"to": [12, 4, 8],
			"faces": {
				"north": {"uv": [10, 14, 11, 10], "rotation": 180, "texture": "#0"},
				"east": {"uv": [10, 10, 11, 14], "texture": "#0"},
				"south": {"uv": [10, 10, 11, 14], "texture": "#0"},
				"west": {"uv": [10, 10, 11, 14], "texture": "#0"},
				"up": {"uv": [11, 10, 10, 11], "rotation": 180, "texture": "#0"},
				"down": {"uv": [10, 13, 11, 14], "texture": "#0"}
			}
		},
		{
			"name": "stocking_5",
			"from": [12, 1, 7],
			"to": [13, 3, 8],
			"faces": {
				"north": {"uv": [11, 13, 12, 11], "rotation": 180, "texture": "#0"},
				"east": {"uv": [11, 11, 12, 13], "texture": "#0"},
				"south": {"uv": [11, 11, 12, 13], "texture": "#0"},
				"west": {"uv": [11, 11, 12, 13], "texture": "#0"},
				"up": {"uv": [12, 11, 11, 12], "rotation": 180, "texture": "#0"},
				"down": {"uv": [11, 12, 12, 13], "texture": "#0"}
			}
		},
		{
			"name": "stocking_6",
			"from": [7, 1, 7],
			"to": [10, 2, 8],
			"faces": {
				"north": {"uv": [6, 13, 9, 12], "rotation": 180, "texture": "#0"},
				"east": {"uv": [8, 12, 9, 13], "texture": "#0"},
				"south": {"uv": [6, 12, 9, 13], "texture": "#0"},
				"west": {"uv": [6, 12, 7, 13], "texture": "#0"},
				"up": {"uv": [9, 12, 6, 13], "rotation": 180, "texture": "#0"},
				"down": {"uv": [6, 12, 9, 13], "texture": "#0"}
			}
		},
		{
			"name": "stocking_7",
			"from": [9, 0, 7],
			"to": [10, 1, 8],
			"faces": {
				"north": {"uv": [8, 14, 9, 13], "rotation": 180, "texture": "#0"},
				"east": {"uv": [8, 13, 9, 14], "texture": "#0"},
				"south": {"uv": [8, 13, 9, 14], "texture": "#0"},
				"west": {"uv": [8, 13, 9, 14], "texture": "#0"},
				"up": {"uv": [9, 13, 8, 14], "rotation": 180, "texture": "#0"},
				"down": {"uv": [8, 13, 9, 14], "texture": "#0"}
			}
		}
	],
	"gui_light": "front",
	"display": {
		"thirdperson_righthand": {
			"translation": [0, 3, 1],
			"scale": [0.55, 0.55, 0.55]
		},
		"thirdperson_lefthand": {
			"translation": [0, 3, 1],
			"scale": [0.55, 0.55, 0.55]
		},
		"firstperson_righthand": {
			"rotation": [0, -90, 25],
			"translation": [1.13, 3.2, 1.13],
			"scale": [0.68, 0.68, 0.68]
		},
		"firstperson_lefthand": {
			"rotation": [0, -90, 25],
			"translation": [1.13, 3.2, 1.13],
			"scale": [0.68, 0.68, 0.68]
		},
		"ground": {
			"translation": [0, 5.5, 0]
		},
		"gui": {
			"translation": [-0.5, 2.5, 0],
			"scale": [1.25, 1.25, 1.25]
		},
		"head": {
			"rotation": [0, 180, 0],
			"translation": [0, 13, 7]
		},
		"fixed": {
			"rotation": [0, 180, 0],
			"translation": [0, -14, -2],
			"scale": [2, 2, 2]
		}
	},
	"groups": [
		{
			"name": "stocking",
			"origin": [8, 8, 8],
			"color": 0,
			"children": [0, 1, 2, 3, 4, 5, 6, 7]
		}
	]
}