{
	"credit": "Made with Blockbench",
	"textures": {
		"0": "custom/decor/christmas/tree/branche",
		"1": "custom/decor/christmas/tree/spruce_log",
		"2": "custom/decor/christmas/tree/spruce_leaves",
		"3": "custom/decor/christmas/tree/star",
		"4": "custom/decor/christmas/tree/presents/present5",
		"5": "custom/decor/christmas/tree/presents/bows",
		"6": "custom/decor/christmas/tree/presents/present4",
		"7": "custom/decor/christmas/tree/presents/present3",
		"8": "custom/decor/christmas/tree/presents/present2",
		"9": "custom/decor/christmas/tree/presents/present1",
		"10": "custom/decor/christmas/tree/lights2",
		"11": "custom/decor/christmas/tree/lights",
		"particle": "custom/decor/christmas/tree/branche"
	},
	"elements": [
		{
			"from": [12, -12.9, -5],
			"to": [15, -9.9, 2],
			"rotation": {"angle": -22.5, "axis": "y", "origin": [0, -12.9, 0]},
			"faces": {
				"north": {"uv": [7, 0, 10, 3], "texture": "#9"},
				"east": {"uv": [0, 0, 7, 3], "texture": "#9"},
				"south": {"uv": [7, 0, 10, 3], "texture": "#9"},
				"west": {"uv": [0, 0, 7, 3], "texture": "#9"},
				"up": {"uv": [3, 10, 0, 3], "texture": "#9"},
				"down": {"uv": [6, 3, 3, 10], "texture": "#9"}
			}
		},
		{
			"from": [11.75, -11.15, -5.25],
			"to": [15.25, -9.65, 2.25],
			"rotation": {"angle": -22.5, "axis": "y", "origin": [0, -12.9, 0]},
			"faces": {
				"north": {"uv": [7, 0, 10, 1], "texture": "#9"},
				"east": {"uv": [0, 0, 7, 1], "texture": "#9"},
				"south": {"uv": [7, 0, 10, 1], "texture": "#9"},
				"west": {"uv": [0, 0, 7, 1], "texture": "#9"},
				"up": {"uv": [3, 10, 0, 3], "texture": "#9"},
				"down": {"uv": [6, 3, 3, 10], "texture": "#9"}
			}
		},
		{
			"from": [12, -8.7, 3],
			"to": [13, -8.7, 4],
			"rotation": {"angle": 0, "axis": "x", "origin": [0, -12.9, 0]},
			"faces": {
				"north": {"uv": [0.5, 0, 0, 0], "rotation": 180, "texture": "#5"},
				"east": {"uv": [0, 0, 0, 0.5], "rotation": 270, "texture": "#5"},
				"south": {"uv": [0.5, 0, 0, 0], "texture": "#5"},
				"west": {"uv": [0, 0, 0, 0.5], "rotation": 90, "texture": "#5"},
				"up": {"uv": [2.5, 5, 3, 5.5], "rotation": 180, "texture": "#5"},
				"down": {"uv": [3, 5, 3.5, 5.5], "texture": "#5"}
			}
		},
		{
			"from": [12, -9.7, 3],
			"to": [12, -8.7, 4],
			"rotation": {"angle": 0, "axis": "x", "origin": [0, -12.9, 0]},
			"faces": {
				"north": {"uv": [0, 0, 0, 0.5], "rotation": 180, "texture": "#5"},
				"east": {"uv": [2.5, 5.5, 3, 6], "rotation": 270, "texture": "#5"},
				"south": {"uv": [0, 0.5, 0, 0], "texture": "#5"},
				"west": {"uv": [3, 5.5, 3.5, 6], "rotation": 90, "texture": "#5"},
				"up": {"uv": [0, 0, 0, 0.5], "rotation": 180, "texture": "#5"},
				"down": {"uv": [0, 0, 0, 0.5], "texture": "#5"}
			}
		},
		{
			"from": [13, -9.7, 3],
			"to": [13, -8.7, 4],
			"rotation": {"angle": 0, "axis": "x", "origin": [0, -12.9, 0]},
			"faces": {
				"north": {"uv": [0, 0, 0, 0.5], "rotation": 180, "texture": "#5"},
				"east": {"uv": [2.5, 6, 3, 6.5], "rotation": 270, "texture": "#5"},
				"south": {"uv": [0, 0.5, 0, 0], "texture": "#5"},
				"west": {"uv": [3, 6, 3.5, 6.5], "rotation": 90, "texture": "#5"},
				"up": {"uv": [0, 0, 0, 0.5], "rotation": 180, "texture": "#5"},
				"down": {"uv": [0, 0, 0, 0.5], "texture": "#5"}
			}
		},
		{
			"from": [13.2, -8.7, 3],
			"to": [14.2, -8.7, 4],
			"rotation": {"angle": 0, "axis": "x", "origin": [0, -12.9, 0]},
			"faces": {
				"north": {"uv": [0.5, 0, 0, 0], "rotation": 180, "texture": "#5"},
				"east": {"uv": [0, 0, 0, 0.5], "rotation": 270, "texture": "#5"},
				"south": {"uv": [0.5, 0, 0, 0], "texture": "#5"},
				"west": {"uv": [0, 0, 0, 0.5], "rotation": 90, "texture": "#5"},
				"up": {"uv": [2.5, 6.5, 3, 7], "rotation": 180, "texture": "#5"},
				"down": {"uv": [3, 6.5, 3.5, 7], "texture": "#5"}
			}
		},
		{
			"from": [14.2, -9.7, 3],
			"to": [14.2, -8.7, 4],
			"rotation": {"angle": 0, "axis": "x", "origin": [0, -12.9, 0]},
			"faces": {
				"north": {"uv": [0, 0, 0, 0.5], "rotation": 180, "texture": "#5"},
				"east": {"uv": [5, 7, 5.5, 7.5], "rotation": 270, "texture": "#5"},
				"south": {"uv": [0, 0.5, 0, 0], "texture": "#5"},
				"west": {"uv": [5.5, 7, 6, 7.5], "rotation": 90, "texture": "#5"},
				"up": {"uv": [0, 0, 0, 0.5], "rotation": 180, "texture": "#5"},
				"down": {"uv": [0, 0, 0, 0.5], "texture": "#5"}
			}
		},
		{
			"from": [13.2, -9.7, 3],
			"to": [13.2, -8.7, 4],
			"rotation": {"angle": 0, "axis": "x", "origin": [0, -12.9, 0]},
			"faces": {
				"north": {"uv": [0, 0, 0, 0.5], "rotation": 180, "texture": "#5"},
				"east": {"uv": [8.5, 7, 9, 7.5], "rotation": 270, "texture": "#5"},
				"south": {"uv": [0, 0.5, 0, 0], "texture": "#5"},
				"west": {"uv": [9, 7, 9.5, 7.5], "rotation": 90, "texture": "#5"},
				"up": {"uv": [0, 0, 0, 0.5], "rotation": 180, "texture": "#5"},
				"down": {"uv": [0, 0, 0, 0.5], "texture": "#5"}
			}
		},
		{
			"from": [7, -12.9, 7],
			"to": [10, 3.1, 10],
			"rotation": {"angle": 0, "axis": "y", "origin": [0, -12.9, 0]},
			"faces": {
				"north": {"uv": [0, 0, 3, 16], "texture": "#1"},
				"east": {"uv": [8, 0, 11, 16], "texture": "#1"},
				"south": {"uv": [13, 0, 16, 16], "texture": "#1"},
				"west": {"uv": [4, 0, 7, 16], "texture": "#1"},
				"up": {"uv": [0, 0, 3, 3], "texture": "#1"},
				"down": {"uv": [0, 0, 3, 3], "texture": "#1"}
			}
		},
		{
			"from": [7.5, 17.1, 7.5],
			"to": [9.5, 25.1, 9.5],
			"rotation": {"angle": 0, "axis": "y", "origin": [0, -12.9, 0]},
			"faces": {
				"north": {"uv": [0, 0, 2, 8], "texture": "#1"},
				"east": {"uv": [8, 0, 10, 8], "texture": "#1"},
				"south": {"uv": [13, 0, 15, 8], "texture": "#1"},
				"west": {"uv": [4, 0, 6, 8], "texture": "#1"},
				"up": {"uv": [0, 0, 2, 2], "texture": "#1"},
				"down": {"uv": [0, 0, 3, 3], "texture": "#1"}
			}
		},
		{
			"from": [6.991, -6.909, 6.991],
			"to": [10.009, 3.109, 10.009],
			"rotation": {"angle": 0, "axis": "y", "origin": [0, -12.9, 0]},
			"faces": {
				"north": {"uv": [0, 0, 3, 10], "texture": "#2"},
				"east": {"uv": [8, 0, 11, 10], "texture": "#2"},
				"south": {"uv": [13, 0, 16, 10], "texture": "#2"},
				"west": {"uv": [4, 0, 7, 10], "texture": "#2"},
				"up": {"uv": [0, 0, 3, 3], "texture": "#2"},
				"down": {"uv": [0, 0, 3, 3], "texture": "#2"}
			}
		},
		{
			"from": [6.991, 3.091, 6.991],
			"to": [10.009, 17.109, 10.009],
			"rotation": {"angle": 0, "axis": "y", "origin": [0, -12.9, 0]},
			"faces": {
				"north": {"uv": [0, 0, 3, 16], "texture": "#2"},
				"east": {"uv": [8, 0, 11, 16], "texture": "#2"},
				"south": {"uv": [13, 0, 16, 16], "texture": "#2"},
				"west": {"uv": [4, 0, 7, 16], "texture": "#2"},
				"up": {"uv": [0, 0, 3, 3], "texture": "#2"},
				"down": {"uv": [0, 0, 3, 3], "texture": "#2"}
			}
		},
		{
			"from": [7.491, 17.091, 7.491],
			"to": [9.509, 25.109, 9.509],
			"rotation": {"angle": 0, "axis": "y", "origin": [0, -12.9, 0]},
			"faces": {
				"north": {"uv": [0, 0, 2, 8], "texture": "#2"},
				"east": {"uv": [8, 0, 10, 8], "texture": "#2"},
				"south": {"uv": [13, 0, 15, 8], "texture": "#2"},
				"west": {"uv": [4, 0, 6, 8], "texture": "#2"},
				"up": {"uv": [0, 0, 2, 2], "texture": "#2"},
				"down": {"uv": [0, 0, 3, 3], "texture": "#2"}
			}
		},
		{
			"from": [7.491, 17.091, 7.491],
			"to": [9.509, 25.109, 9.509],
			"rotation": {"angle": 0, "axis": "y", "origin": [0, -12.9, 0]},
			"faces": {
				"north": {"uv": [4, 0, 6, 8], "texture": "#2"},
				"east": {"uv": [0, 0, 2, 8], "texture": "#2"},
				"south": {"uv": [8, 0, 10, 8], "texture": "#2"},
				"west": {"uv": [13, 0, 15, 8], "texture": "#2"},
				"up": {"uv": [0, 0, 2, 2], "rotation": 90, "texture": "#2"},
				"down": {"uv": [0, 0, 3, 3], "rotation": 270, "texture": "#2"}
			}
		},
		{
			"from": [7, 3.1, 7],
			"to": [10, 17.1, 10],
			"rotation": {"angle": 0, "axis": "y", "origin": [0, -12.9, 0]},
			"faces": {
				"north": {"uv": [0, 3, 3, 16], "texture": "#1"},
				"east": {"uv": [8, 3, 11, 16], "texture": "#1"},
				"south": {"uv": [13, 3, 16, 16], "texture": "#1"},
				"west": {"uv": [4, 3, 7, 16], "texture": "#1"},
				"up": {"uv": [0, 0, 3, 3], "texture": "#1"},
				"down": {"uv": [0, 0, 3, 3], "texture": "#1"}
			}
		},
		{
			"from": [-6, -7.9, 7.5],
			"to": [7, 1.1, 7.5],
			"rotation": {"angle": 0, "axis": "y", "origin": [0, -12.9, 0]},
			"faces": {
				"north": {"uv": [0, 11.5, 6.5, 16], "texture": "#0"},
				"east": {"uv": [0, 0, 0, 16], "texture": "#missing"},
				"south": {"uv": [6.5, 11.5, 0, 16], "texture": "#0"},
				"west": {"uv": [0, 11.5, 6.5, 16], "texture": "#0"},
				"up": {"uv": [0, 0, 0, 16], "rotation": 270, "texture": "#missing"},
				"down": {"uv": [0, 0, 0, 16], "rotation": 90, "texture": "#missing"}
			}
		},
		{
			"from": [-3, -6.9, -0.5],
			"to": [11, 2.1, -0.5],
			"rotation": {"angle": -45, "axis": "y", "origin": [0, -12.9, 0]},
			"faces": {
				"north": {"uv": [0, 7, 7, 11.5], "texture": "#0"},
				"east": {"uv": [0, 0, 0, 16], "texture": "#missing"},
				"south": {"uv": [7, 7, 0, 11.5], "texture": "#0"},
				"west": {"uv": [0, 11.5, 6.5, 16], "texture": "#0"},
				"up": {"uv": [0, 0, 0, 16], "rotation": 270, "texture": "#missing"},
				"down": {"uv": [0, 0, 0, 16], "rotation": 90, "texture": "#missing"}
			}
		},
		{
			"from": [5.5, -7.9, -4],
			"to": [5.5, 1.1, 10],
			"rotation": {"angle": 22.5, "axis": "y", "origin": [0, -12.9, 0]},
			"faces": {
				"north": {"uv": [0, 11.5, 6.5, 16], "texture": "#0"},
				"east": {"uv": [0, 7, 7, 11.5], "texture": "#0"},
				"south": {"uv": [0, 0, 0, 16], "texture": "#missing"},
				"west": {"uv": [7, 7, 0, 11.5], "texture": "#0"},
				"up": {"uv": [0, 0, 0, 16], "texture": "#missing"},
				"down": {"uv": [0, 0, 0, 16], "texture": "#missing"}
			}
		},
		{
			"from": [5.5, -7.9, 6],
			"to": [5.5, 1.1, 20],
			"rotation": {"angle": -22.5, "axis": "y", "origin": [0, -12.9, 16]},
			"faces": {
				"north": {"uv": [0, 0, 0, 16], "texture": "#missing"},
				"east": {"uv": [7, 7, 0, 11.5], "texture": "#0"},
				"south": {"uv": [6.5, 11.5, 0, 16], "texture": "#0"},
				"west": {"uv": [0, 7, 7, 11.5], "texture": "#0"},
				"up": {"uv": [0, 16, 0, 0], "texture": "#missing"},
				"down": {"uv": [0, 16, 0, 0], "texture": "#missing"}
			}
		},
		{
			"from": [-10, -6.9, 11.5],
			"to": [4, 2.1, 11.5],
			"rotation": {"angle": 22.5, "axis": "y", "origin": [0, -12.9, 0]},
			"faces": {
				"north": {"uv": [0, 7, 7, 11.5], "texture": "#0"},
				"east": {"uv": [0, 0, 0, 16], "texture": "#missing"},
				"south": {"uv": [7, 7, 0, 11.5], "texture": "#0"},
				"west": {"uv": [0, 11.5, 6.5, 16], "texture": "#0"},
				"up": {"uv": [0, 0, 0, 16], "rotation": 270, "texture": "#missing"},
				"down": {"uv": [0, 0, 0, 16], "rotation": 90, "texture": "#missing"}
			}
		},
		{
			"from": [-4, -6.9, 6.8],
			"to": [9, 2.1, 6.8],
			"rotation": {"angle": -22.5, "axis": "y", "origin": [7, -6.9, 4]},
			"faces": {
				"north": {"uv": [0, 11.5, 6.5, 16], "texture": "#0"},
				"east": {"uv": [0, 0, 0, 16], "texture": "#missing"},
				"south": {"uv": [6.5, 11.5, 0, 16], "texture": "#0"},
				"west": {"uv": [0, 11.5, 6.5, 16], "texture": "#0"},
				"up": {"uv": [0, 0, 0, 16], "rotation": 270, "texture": "#missing"},
				"down": {"uv": [0, 0, 0, 16], "rotation": 90, "texture": "#missing"}
			}
		},
		{
			"from": [-6, -4.9, 7.8],
			"to": [7, 4.1, 7.8],
			"rotation": {"angle": 22.5, "axis": "y", "origin": [7, -5.9, 8]},
			"faces": {
				"north": {"uv": [0, 11.5, 6.5, 16], "texture": "#0"},
				"east": {"uv": [0, 0, 0, 16], "texture": "#missing"},
				"south": {"uv": [6.5, 11.5, 0, 16], "texture": "#0"},
				"west": {"uv": [0, 11.5, 6.5, 16], "texture": "#0"},
				"up": {"uv": [0, 0, 0, 16], "rotation": 270, "texture": "#missing"},
				"down": {"uv": [0, 0, 0, 16], "rotation": 90, "texture": "#missing"}
			}
		},
		{
			"from": [10.92388, -6.9, 8.41732],
			"to": [23.92388, 2.1, 8.41732],
			"rotation": {"angle": -22.5, "axis": "y", "origin": [10, -2.9, 9]},
			"faces": {
				"north": {"uv": [6.5, 11.5, 0, 16], "texture": "#0"},
				"east": {"uv": [6.5, 11.5, 0, 16], "texture": "#0"},
				"south": {"uv": [0, 11.5, 6.5, 16], "texture": "#0"},
				"west": {"uv": [0, 0, 0, 16], "texture": "#missing"},
				"up": {"uv": [0, 16, 0, 0], "rotation": 270, "texture": "#missing"},
				"down": {"uv": [0, 16, 0, 0], "rotation": 90, "texture": "#missing"}
			}
		},
		{
			"from": [10.45461, -6.9, 8.48717],
			"to": [23.45461, 2.1, 8.48717],
			"rotation": {"angle": 22.5, "axis": "y", "origin": [10, -2.9, 9]},
			"faces": {
				"north": {"uv": [6.5, 11.5, 0, 16], "texture": "#0"},
				"east": {"uv": [6.5, 11.5, 0, 16], "texture": "#0"},
				"south": {"uv": [0, 11.5, 6.5, 16], "texture": "#0"},
				"west": {"uv": [0, 0, 0, 16], "texture": "#missing"},
				"up": {"uv": [0, 16, 0, 0], "rotation": 270, "texture": "#missing"},
				"down": {"uv": [0, 16, 0, 0], "rotation": 90, "texture": "#missing"}
			}
		},
		{
			"from": [10.32957, -7.9, 10.0475],
			"to": [24.32957, 1.1, 10.0475],
			"rotation": {"angle": -22.5, "axis": "y", "origin": [10, -2.9, 9]},
			"faces": {
				"north": {"uv": [7, 7, 0, 11.5], "texture": "#0"},
				"east": {"uv": [6.5, 11.5, 0, 16], "texture": "#0"},
				"south": {"uv": [0, 7, 7, 11.5], "texture": "#0"},
				"west": {"uv": [0, 0, 0, 16], "texture": "#missing"},
				"up": {"uv": [0, 16, 0, 0], "rotation": 270, "texture": "#missing"},
				"down": {"uv": [0, 16, 0, 0], "rotation": 90, "texture": "#missing"}
			}
		},
		{
			"from": [8.5, -6.9, 8.31371],
			"to": [8.5, 2.1, 21.31371],
			"rotation": {"angle": 22.5, "axis": "y", "origin": [10, -2.9, 7]},
			"faces": {
				"north": {"uv": [0, 0, 0, 16], "texture": "#missing"},
				"east": {"uv": [6.5, 11.5, 0, 16], "texture": "#0"},
				"south": {"uv": [0, 11.5, 6.5, 16], "texture": "#0"},
				"west": {"uv": [0, 11.5, 6.5, 16], "texture": "#0"},
				"up": {"uv": [0, 0, 0, 16], "rotation": 180, "texture": "#missing"},
				"down": {"uv": [0, 0, 0, 16], "rotation": 180, "texture": "#missing"}
			}
		},
		{
			"from": [8.5, -6.9, -5.31371],
			"to": [8.5, 2.1, 7.68629],
			"rotation": {"angle": -22.5, "axis": "y", "origin": [10, -2.9, 9]},
			"faces": {
				"north": {"uv": [6.5, 11.5, 0, 16], "texture": "#0"},
				"east": {"uv": [0, 11.5, 6.5, 16], "texture": "#0"},
				"south": {"uv": [0, 0, 0, 16], "texture": "#missing"},
				"west": {"uv": [6.5, 11.5, 0, 16], "texture": "#0"},
				"up": {"uv": [0, 16, 0, 0], "rotation": 180, "texture": "#missing"},
				"down": {"uv": [0, 16, 0, 0], "rotation": 180, "texture": "#missing"}
			}
		},
		{
			"from": [10.31371, -6.9, 8.5],
			"to": [24.31371, 2.1, 8.5],
			"rotation": {"angle": 45, "axis": "y", "origin": [10, -2.9, 9]},
			"faces": {
				"north": {"uv": [7, 7, 0, 11.5], "texture": "#0"},
				"east": {"uv": [6.5, 11.5, 0, 16], "texture": "#0"},
				"south": {"uv": [0, 7, 7, 11.5], "texture": "#0"},
				"west": {"uv": [0, 0, 0, 16], "texture": "#missing"},
				"up": {"uv": [0, 16, 0, 0], "rotation": 270, "texture": "#missing"},
				"down": {"uv": [0, 16, 0, 0], "rotation": 90, "texture": "#missing"}
			}
		},
		{
			"from": [11, -6.9, 8.5],
			"to": [24, 2.1, 8.5],
			"rotation": {"angle": 0, "axis": "y", "origin": [10, -2.9, 9]},
			"faces": {
				"north": {"uv": [6.5, 11.5, 0, 16], "texture": "#0"},
				"east": {"uv": [6.5, 11.5, 0, 16], "texture": "#0"},
				"south": {"uv": [0, 11.5, 6.5, 16], "texture": "#0"},
				"west": {"uv": [0, 0, 0, 16], "texture": "#missing"},
				"up": {"uv": [0, 16, 0, 0], "rotation": 270, "texture": "#missing"},
				"down": {"uv": [0, 16, 0, 0], "rotation": 90, "texture": "#missing"}
			}
		},
		{
			"from": [11.1, -1.9, -8],
			"to": [11.1, 5.1, 3],
			"rotation": {"angle": -22.5, "axis": "y", "origin": [0, -12.9, 0]},
			"faces": {
				"north": {"uv": [0, 0, 0, 1], "texture": "#missing"},
				"east": {"uv": [0, 3.5, 6, 7], "texture": "#0"},
				"south": {"uv": [0, 0, 0, 1], "texture": "#0"},
				"west": {"uv": [6, 3.5, 0, 7], "texture": "#0"},
				"up": {"uv": [0, 0, 0, 9], "texture": "#missing"},
				"down": {"uv": [0, 0, 0, 9], "texture": "#missing"}
			}
		},
		{
			"from": [-3, -0.9, 8.2],
			"to": [7, 6.1, 8.2],
			"rotation": {"angle": 0, "axis": "y", "origin": [0, -12.9, 0]},
			"faces": {
				"north": {"uv": [0, 0, 4.5, 3.5], "texture": "#0"},
				"east": {"uv": [0, 0, 0, 1], "texture": "#0"},
				"south": {"uv": [4.5, 0, 0, 3.5], "texture": "#0"},
				"west": {"uv": [0, 0, 0, 1], "texture": "#missing"},
				"up": {"uv": [0, 0, 0, 9], "rotation": 270, "texture": "#missing"},
				"down": {"uv": [0, 0, 0, 9], "rotation": 90, "texture": "#missing"}
			}
		},
		{
			"from": [4.8, -0.9, 0],
			"to": [4.8, 6.1, 10],
			"rotation": {"angle": 22.5, "axis": "y", "origin": [0, -12.9, 0]},
			"faces": {
				"north": {"uv": [0, 0, 0, 1], "texture": "#missing"},
				"east": {"uv": [0, 0, 4.5, 3.5], "texture": "#0"},
				"south": {"uv": [0, 0, 0, 1], "texture": "#0"},
				"west": {"uv": [4.5, 0, 0, 3.5], "texture": "#0"},
				"up": {"uv": [0, 0, 0, 9], "texture": "#missing"},
				"down": {"uv": [0, 0, 0, 9], "texture": "#missing"}
			}
		},
		{
			"from": [-1, -1.9, 4.3],
			"to": [10, 5.1, 4.3],
			"rotation": {"angle": -22.5, "axis": "y", "origin": [0, -12.9, 0]},
			"faces": {
				"north": {"uv": [0, 3.5, 6, 7], "texture": "#0"},
				"east": {"uv": [0, 0, 0, 1], "texture": "#0"},
				"south": {"uv": [6, 3.5, 0, 7], "texture": "#0"},
				"west": {"uv": [0, 0, 0, 1], "texture": "#missing"},
				"up": {"uv": [0, 0, 0, 9], "rotation": 270, "texture": "#missing"},
				"down": {"uv": [0, 0, 0, 9], "rotation": 90, "texture": "#missing"}
			}
		},
		{
			"from": [-0.2, -0.9, 0],
			"to": [-0.2, 6.1, 11],
			"rotation": {"angle": 45, "axis": "y", "origin": [0, -12.9, 0]},
			"faces": {
				"north": {"uv": [0, 0, 0, 1], "texture": "#missing"},
				"east": {"uv": [0, 3.5, 6, 7], "texture": "#0"},
				"south": {"uv": [0, 0, 0, 1], "texture": "#0"},
				"west": {"uv": [6, 3.5, 0, 7], "texture": "#0"},
				"up": {"uv": [0, 0, 0, 9], "texture": "#missing"},
				"down": {"uv": [0, 0, 0, 9], "texture": "#missing"}
			}
		},
		{
			"from": [8.8, -2.9, -4],
			"to": [8.8, 4.1, 7],
			"rotation": {"angle": 0, "axis": "y", "origin": [0, -12.9, 0]},
			"faces": {
				"north": {"uv": [0, 0, 0, 1], "texture": "#missing"},
				"east": {"uv": [0, 3.5, 6, 7], "texture": "#0"},
				"south": {"uv": [0, 0, 0, 1], "texture": "#0"},
				"west": {"uv": [6, 3.5, 0, 7], "texture": "#0"},
				"up": {"uv": [0, 0, 0, 9], "texture": "#missing"},
				"down": {"uv": [0, 0, 0, 9], "texture": "#missing"}
			}
		},
		{
			"from": [4.9, -1.9, 13],
			"to": [4.9, 5.1, 24],
			"rotation": {"angle": -22.5, "axis": "y", "origin": [16, -12.9, 16]},
			"faces": {
				"north": {"uv": [0, 0, 0, 1], "texture": "#0"},
				"east": {"uv": [6, 3.5, 0, 7], "texture": "#0"},
				"south": {"uv": [0, 0, 0, 1], "texture": "#missing"},
				"west": {"uv": [0, 3.5, 6, 7], "texture": "#0"},
				"up": {"uv": [0, 9, 0, 0], "texture": "#missing"},
				"down": {"uv": [0, 9, 0, 0], "texture": "#missing"}
			}
		},
		{
			"from": [9, -1.9, 7.8],
			"to": [19, 5.1, 7.8],
			"rotation": {"angle": 0, "axis": "y", "origin": [16, -12.9, 16]},
			"faces": {
				"north": {"uv": [4.5, 0, 0, 3.5], "texture": "#0"},
				"east": {"uv": [0, 0, 0, 1], "texture": "#missing"},
				"south": {"uv": [0, 0, 4.5, 3.5], "texture": "#0"},
				"west": {"uv": [0, 0, 0, 1], "texture": "#0"},
				"up": {"uv": [0, 9, 0, 0], "rotation": 270, "texture": "#missing"},
				"down": {"uv": [0, 9, 0, 0], "rotation": 90, "texture": "#missing"}
			}
		},
		{
			"from": [11.2, -1.9, 6],
			"to": [11.2, 5.1, 16],
			"rotation": {"angle": 22.5, "axis": "y", "origin": [16, -12.9, 16]},
			"faces": {
				"north": {"uv": [0, 0, 0, 1], "texture": "#0"},
				"east": {"uv": [4.5, 0, 0, 3.5], "texture": "#0"},
				"south": {"uv": [0, 0, 0, 1], "texture": "#missing"},
				"west": {"uv": [0, 0, 4.5, 3.5], "texture": "#0"},
				"up": {"uv": [0, 9, 0, 0], "texture": "#missing"},
				"down": {"uv": [0, 9, 0, 0], "texture": "#missing"}
			}
		},
		{
			"from": [6, -1.9, 11.7],
			"to": [17, 5.1, 11.7],
			"rotation": {"angle": -22.5, "axis": "y", "origin": [16, -12.9, 16]},
			"faces": {
				"north": {"uv": [6, 3.5, 0, 7], "texture": "#0"},
				"east": {"uv": [0, 0, 0, 1], "texture": "#missing"},
				"south": {"uv": [0, 3.5, 6, 7], "texture": "#0"},
				"west": {"uv": [0, 0, 0, 1], "texture": "#0"},
				"up": {"uv": [0, 9, 0, 0], "rotation": 270, "texture": "#missing"},
				"down": {"uv": [0, 9, 0, 0], "rotation": 90, "texture": "#missing"}
			}
		},
		{
			"from": [16.2, -1.9, 5],
			"to": [16.2, 5.1, 16],
			"rotation": {"angle": 45, "axis": "y", "origin": [16, -12.9, 16]},
			"faces": {
				"north": {"uv": [0, 0, 0, 1], "texture": "#0"},
				"east": {"uv": [6, 3.5, 0, 7], "texture": "#0"},
				"south": {"uv": [0, 0, 0, 1], "texture": "#missing"},
				"west": {"uv": [0, 3.5, 6, 7], "texture": "#0"},
				"up": {"uv": [0, 9, 0, 0], "texture": "#missing"},
				"down": {"uv": [0, 9, 0, 0], "texture": "#missing"}
			}
		},
		{
			"from": [7.2, -1.9, 9],
			"to": [7.2, 5.1, 20],
			"rotation": {"angle": 0, "axis": "y", "origin": [16, -12.9, 16]},
			"faces": {
				"north": {"uv": [0, 0, 0, 1], "texture": "#0"},
				"east": {"uv": [6, 3.5, 0, 7], "texture": "#0"},
				"south": {"uv": [0, 0, 0, 1], "texture": "#missing"},
				"west": {"uv": [0, 3.5, 6, 7], "texture": "#0"},
				"up": {"uv": [0, 9, 0, 0], "texture": "#missing"},
				"down": {"uv": [0, 9, 0, 0], "texture": "#missing"}
			}
		},
		{
			"from": [4.9, 12.1, 11.8],
			"to": [4.9, 17.1, 16.8],
			"rotation": {"angle": 22.5, "axis": "y", "origin": [0, -12.9, 0]},
			"faces": {
				"north": {"uv": [0, 0, 0, 1], "texture": "#missing"},
				"east": {"uv": [13.5, 10, 16, 12.5], "texture": "#0"},
				"south": {"uv": [0, 0, 0, 1], "texture": "#0"},
				"west": {"uv": [16, 10, 13.5, 12.5], "texture": "#0"},
				"up": {"uv": [0, 0, 0, 9], "texture": "#missing"},
				"down": {"uv": [0, 0, 0, 9], "texture": "#missing"}
			}
		},
		{
			"from": [4.5, 18.1, 8.3],
			"to": [4.5, 23.1, 13.3],
			"rotation": {"angle": 22.5, "axis": "y", "origin": [0, -12.9, 0]},
			"faces": {
				"north": {"uv": [0, 0, 0, 1], "texture": "#missing"},
				"east": {"uv": [13.5, 10, 16, 12.5], "texture": "#0"},
				"south": {"uv": [0, 0, 0, 1], "texture": "#0"},
				"west": {"uv": [16, 10, 13.5, 12.5], "texture": "#0"},
				"up": {"uv": [0, 0, 0, 9], "texture": "#missing"},
				"down": {"uv": [0, 0, 0, 9], "texture": "#missing"}
			}
		},
		{
			"from": [8.2, 10.1, 9.8],
			"to": [8.2, 15.1, 14.8],
			"rotation": {"angle": 0, "axis": "y", "origin": [0, -12.9, 0]},
			"faces": {
				"north": {"uv": [0, 0, 0, 1], "texture": "#missing"},
				"east": {"uv": [13.5, 10, 16, 12.5], "texture": "#0"},
				"south": {"uv": [0, 0, 0, 1], "texture": "#0"},
				"west": {"uv": [16, 10, 13.5, 12.5], "texture": "#0"},
				"up": {"uv": [0, 0, 0, 9], "texture": "#missing"},
				"down": {"uv": [0, 0, 0, 9], "texture": "#missing"}
			}
		},
		{
			"from": [11.8, 10.1, 1.8],
			"to": [11.8, 15.1, 6.8],
			"rotation": {"angle": -45, "axis": "y", "origin": [0, -12.9, 0]},
			"faces": {
				"north": {"uv": [0, 0, 0, 1], "texture": "#missing"},
				"east": {"uv": [13.5, 10, 16, 12.5], "texture": "#0"},
				"south": {"uv": [0, 0, 0, 1], "texture": "#0"},
				"west": {"uv": [16, 10, 13.5, 12.5], "texture": "#0"},
				"up": {"uv": [0, 0, 0, 9], "texture": "#missing"},
				"down": {"uv": [0, 0, 0, 9], "texture": "#missing"}
			}
		},
		{
			"from": [-1.5, 12.1, 11],
			"to": [3.5, 17.1, 11],
			"rotation": {"angle": 22.5, "axis": "y", "origin": [0, -12.9, 0]},
			"faces": {
				"north": {"uv": [16, 10, 13.5, 12.5], "texture": "#0"},
				"east": {"uv": [0, 0, 0, 1], "texture": "#missing"},
				"south": {"uv": [13.5, 10, 16, 12.5], "texture": "#0"},
				"west": {"uv": [0, 0, 0, 1], "texture": "#0"},
				"up": {"uv": [0, 0, 0, 9], "rotation": 90, "texture": "#missing"},
				"down": {"uv": [0, 0, 0, 9], "rotation": 270, "texture": "#missing"}
			}
		},
		{
			"from": [10.6, 11.1, 5.8],
			"to": [10.6, 17.1, 10.8],
			"rotation": {"angle": -22.5, "axis": "y", "origin": [0, -12.9, 0]},
			"faces": {
				"north": {"uv": [0, 0, 0, 1], "texture": "#missing"},
				"east": {"uv": [13.5, 13, 16, 16], "texture": "#0"},
				"south": {"uv": [0, 0, 0, 1], "texture": "#0"},
				"west": {"uv": [16, 13, 13.5, 16], "texture": "#0"},
				"up": {"uv": [0, 0, 0, 9], "texture": "#missing"},
				"down": {"uv": [0, 0, 0, 9], "texture": "#missing"}
			}
		},
		{
			"from": [2.2, 11.1, 8.3],
			"to": [7.2, 17.1, 8.3],
			"rotation": {"angle": 0, "axis": "y", "origin": [0, -12.9, 0]},
			"faces": {
				"north": {"uv": [16, 13, 13.5, 16], "texture": "#0"},
				"east": {"uv": [0, 0, 0, 1], "texture": "#missing"},
				"south": {"uv": [13.5, 13, 16, 16], "texture": "#0"},
				"west": {"uv": [0, 0, 0, 1], "texture": "#0"},
				"up": {"uv": [0, 0, 0, 9], "rotation": 90, "texture": "#missing"},
				"down": {"uv": [0, 0, 0, 9], "rotation": 270, "texture": "#missing"}
			}
		},
		{
			"from": [6.2, 18.1, 8.3],
			"to": [11.2, 24.1, 8.3],
			"rotation": {"angle": 0, "axis": "y", "origin": [0, -12.9, 0]},
			"faces": {
				"north": {"uv": [16, 13, 13.5, 16], "texture": "#0"},
				"east": {"uv": [0, 0, 0, 1], "texture": "#missing"},
				"south": {"uv": [13.5, 13, 16, 16], "texture": "#0"},
				"west": {"uv": [0, 0, 0, 1], "texture": "#0"},
				"up": {"uv": [0, 0, 0, 9], "rotation": 90, "texture": "#missing"},
				"down": {"uv": [0, 0, 0, 9], "rotation": 270, "texture": "#missing"}
			}
		},
		{
			"from": [11.1, 12.1, -0.5],
			"to": [11.1, 17.1, 4.5],
			"rotation": {"angle": 22.5, "axis": "y", "origin": [16, -12.9, 16]},
			"faces": {
				"north": {"uv": [0, 0, 0, 1], "texture": "#0"},
				"east": {"uv": [16, 10, 13.5, 12.5], "texture": "#0"},
				"south": {"uv": [0, 0, 0, 1], "texture": "#missing"},
				"west": {"uv": [13.5, 10, 16, 12.5], "texture": "#0"},
				"up": {"uv": [0, 9, 0, 0], "texture": "#missing"},
				"down": {"uv": [0, 9, 0, 0], "texture": "#missing"}
			}
		},
		{
			"from": [7.8, 10.1, 1.2],
			"to": [7.8, 15.1, 6.2],
			"rotation": {"angle": 0, "axis": "y", "origin": [16, -12.9, 16]},
			"faces": {
				"north": {"uv": [0, 0, 0, 1], "texture": "#0"},
				"east": {"uv": [16, 10, 13.5, 12.5], "texture": "#0"},
				"south": {"uv": [0, 0, 0, 1], "texture": "#missing"},
				"west": {"uv": [13.5, 10, 16, 12.5], "texture": "#0"},
				"up": {"uv": [0, 9, 0, 0], "texture": "#missing"},
				"down": {"uv": [0, 9, 0, 0], "texture": "#missing"}
			}
		},
		{
			"from": [5.4, 11.1, 5.2],
			"to": [5.4, 17.1, 10.2],
			"rotation": {"angle": -22.5, "axis": "y", "origin": [16, -12.9, 16]},
			"faces": {
				"north": {"uv": [0, 0, 0, 1], "texture": "#0"},
				"east": {"uv": [16, 13, 13.5, 16], "texture": "#0"},
				"south": {"uv": [0, 0, 0, 1], "texture": "#missing"},
				"west": {"uv": [13.5, 13, 16, 16], "texture": "#0"},
				"up": {"uv": [0, 9, 0, 0], "texture": "#missing"},
				"down": {"uv": [0, 9, 0, 0], "texture": "#missing"}
			}
		},
		{
			"from": [4.2, 10.1, 9.2],
			"to": [4.2, 15.1, 14.2],
			"rotation": {"angle": -45, "axis": "y", "origin": [16, -12.9, 16]},
			"faces": {
				"north": {"uv": [0, 0, 0, 1], "texture": "#0"},
				"east": {"uv": [16, 10, 13.5, 12.5], "texture": "#0"},
				"south": {"uv": [0, 0, 0, 1], "texture": "#missing"},
				"west": {"uv": [13.5, 10, 16, 12.5], "texture": "#0"},
				"up": {"uv": [0, 9, 0, 0], "texture": "#missing"},
				"down": {"uv": [0, 9, 0, 0], "texture": "#missing"}
			}
		},
		{
			"from": [12.5, 12.1, 5],
			"to": [17.5, 17.1, 5],
			"rotation": {"angle": 22.5, "axis": "y", "origin": [16, -12.9, 16]},
			"faces": {
				"north": {"uv": [13.5, 10, 16, 12.5], "texture": "#0"},
				"east": {"uv": [0, 0, 0, 1], "texture": "#0"},
				"south": {"uv": [16, 10, 13.5, 12.5], "texture": "#0"},
				"west": {"uv": [0, 0, 0, 1], "texture": "#missing"},
				"up": {"uv": [0, 9, 0, 0], "rotation": 90, "texture": "#missing"},
				"down": {"uv": [0, 9, 0, 0], "rotation": 270, "texture": "#missing"}
			}
		},
		{
			"from": [9.3, 17.1, 6.7],
			"to": [14.3, 22.1, 6.7],
			"rotation": {"angle": 22.5, "axis": "y", "origin": [16, -12.9, 16]},
			"faces": {
				"north": {"uv": [13.5, 10, 16, 12.5], "texture": "#0"},
				"east": {"uv": [0, 0, 0, 1], "texture": "#0"},
				"south": {"uv": [16, 10, 13.5, 12.5], "texture": "#0"},
				"west": {"uv": [0, 0, 0, 1], "texture": "#missing"},
				"up": {"uv": [0, 9, 0, 0], "rotation": 90, "texture": "#missing"},
				"down": {"uv": [0, 9, 0, 0], "rotation": 270, "texture": "#missing"}
			}
		},
		{
			"from": [13.3, 17.1, 5.1],
			"to": [18.3, 22.1, 5.1],
			"rotation": {"angle": 45, "axis": "y", "origin": [16, -12.9, 16]},
			"faces": {
				"north": {"uv": [13.5, 10, 16, 12.5], "texture": "#0"},
				"east": {"uv": [0, 0, 0, 1], "texture": "#0"},
				"south": {"uv": [16, 10, 13.5, 12.5], "texture": "#0"},
				"west": {"uv": [0, 0, 0, 1], "texture": "#missing"},
				"up": {"uv": [0, 9, 0, 0], "rotation": 90, "texture": "#missing"},
				"down": {"uv": [0, 9, 0, 0], "rotation": 270, "texture": "#missing"}
			}
		},
		{
			"from": [8.8, 10.1, 7.4],
			"to": [13.8, 16.1, 7.4],
			"rotation": {"angle": 0, "axis": "y", "origin": [16, -12.9, 16]},
			"faces": {
				"north": {"uv": [13.5, 13, 16, 16], "texture": "#0"},
				"east": {"uv": [0, 0, 0, 1], "texture": "#0"},
				"south": {"uv": [16, 13, 13.5, 16], "texture": "#0"},
				"west": {"uv": [0, 0, 0, 1], "texture": "#missing"},
				"up": {"uv": [0, 9, 0, 0], "rotation": 90, "texture": "#missing"},
				"down": {"uv": [0, 9, 0, 0], "rotation": 270, "texture": "#missing"}
			}
		},
		{
			"from": [7.8, 11.1, 12],
			"to": [12.8, 17.1, 12],
			"rotation": {"angle": -22.5, "axis": "y", "origin": [16, -12.9, 16]},
			"faces": {
				"north": {"uv": [13.5, 13, 16, 16], "texture": "#0"},
				"east": {"uv": [0, 0, 0, 1], "texture": "#0"},
				"south": {"uv": [16, 13, 13.5, 16], "texture": "#0"},
				"west": {"uv": [0, 0, 0, 1], "texture": "#missing"},
				"up": {"uv": [0, 9, 0, 0], "rotation": 90, "texture": "#missing"},
				"down": {"uv": [0, 9, 0, 0], "rotation": 270, "texture": "#missing"}
			}
		},
		{
			"from": [3.8, 19.1, 12],
			"to": [8.8, 25.1, 12],
			"rotation": {"angle": -22.5, "axis": "y", "origin": [16, -12.9, 16]},
			"faces": {
				"north": {"uv": [13.5, 13, 16, 16], "texture": "#0"},
				"east": {"uv": [0, 0, 0, 1], "texture": "#0"},
				"south": {"uv": [16, 13, 13.5, 16], "texture": "#0"},
				"west": {"uv": [0, 0, 0, 1], "texture": "#missing"},
				"up": {"uv": [0, 9, 0, 0], "rotation": 90, "texture": "#missing"},
				"down": {"uv": [0, 9, 0, 0], "rotation": 270, "texture": "#missing"}
			}
		},
		{
			"from": [12, 4.1, 0.1],
			"to": [20, 11.1, 0.1],
			"rotation": {"angle": -45, "axis": "y", "origin": [0, -12.9, 0]},
			"faces": {
				"north": {"uv": [12, 1.5, 16, 4.5], "texture": "#0"},
				"east": {"uv": [0, 0, 0, 1], "texture": "#0"},
				"south": {"uv": [16, 5.5, 12, 9], "texture": "#0"},
				"west": {"uv": [0, 0, 0, 1], "texture": "#missing"},
				"up": {"uv": [0, 0, 0, 9], "rotation": 270, "texture": "#missing"},
				"down": {"uv": [0, 0, 0, 9], "rotation": 90, "texture": "#missing"}
			}
		},
		{
			"from": [9, 4.1, 6.7],
			"to": [17, 10.1, 6.7],
			"rotation": {"angle": 0, "axis": "y", "origin": [0, -12.9, 0]},
			"faces": {
				"north": {"uv": [12, 1.5, 16, 4.5], "texture": "#0"},
				"east": {"uv": [0, 0, 0, 1], "texture": "#0"},
				"south": {"uv": [16, 1.5, 12, 4.5], "texture": "#0"},
				"west": {"uv": [0, 0, 0, 1], "texture": "#missing"},
				"up": {"uv": [0, 0, 0, 9], "rotation": 270, "texture": "#missing"},
				"down": {"uv": [0, 0, 0, 9], "rotation": 90, "texture": "#missing"}
			}
		},
		{
			"from": [11, 5.1, 3.6],
			"to": [19, 11.1, 3.6],
			"rotation": {"angle": -22.5, "axis": "y", "origin": [0, -12.9, 0]},
			"faces": {
				"north": {"uv": [12, 1.5, 16, 4.5], "texture": "#0"},
				"east": {"uv": [0, 0, 0, 1], "texture": "#0"},
				"south": {"uv": [16, 1.5, 12, 4.5], "texture": "#0"},
				"west": {"uv": [0, 0, 0, 1], "texture": "#missing"},
				"up": {"uv": [0, 0, 0, 9], "rotation": 270, "texture": "#missing"},
				"down": {"uv": [0, 0, 0, 9], "rotation": 90, "texture": "#missing"}
			}
		},
		{
			"from": [10.9, 3.1, 1],
			"to": [10.9, 10.1, 9],
			"rotation": {"angle": -45, "axis": "y", "origin": [0, -12.9, 0]},
			"faces": {
				"north": {"uv": [0, 0, 0, 1], "texture": "#missing"},
				"east": {"uv": [12, 5.5, 16, 9], "texture": "#0"},
				"south": {"uv": [0, 0, 0, 1], "texture": "#0"},
				"west": {"uv": [16, 5.5, 12, 9], "texture": "#0"},
				"up": {"uv": [0, 0, 0, 9], "texture": "#missing"},
				"down": {"uv": [0, 0, 0, 9], "texture": "#missing"}
			}
		},
		{
			"from": [6.7, 5.1, 9],
			"to": [6.7, 11.1, 17],
			"rotation": {"angle": 0, "axis": "y", "origin": [0, -12.9, 0]},
			"faces": {
				"north": {"uv": [0, 0, 0, 1], "texture": "#missing"},
				"east": {"uv": [12, 1.5, 16, 4.5], "texture": "#0"},
				"south": {"uv": [0, 0, 0, 1], "texture": "#0"},
				"west": {"uv": [16, 1.5, 12, 4.5], "texture": "#0"},
				"up": {"uv": [0, 0, 0, 9], "texture": "#missing"},
				"down": {"uv": [0, 0, 0, 9], "texture": "#missing"}
			}
		},
		{
			"from": [12.1, 5.1, -3],
			"to": [12.1, 12.1, 5],
			"rotation": {"angle": 22.5, "axis": "y", "origin": [16, -12.9, 16]},
			"faces": {
				"north": {"uv": [0, 0, 0, 1], "texture": "#0"},
				"east": {"uv": [16, 5.5, 12, 9], "texture": "#0"},
				"south": {"uv": [0, 0, 0, 1], "texture": "#missing"},
				"west": {"uv": [12, 5.5, 16, 9], "texture": "#0"},
				"up": {"uv": [0, 9, 0, 0], "texture": "#missing"},
				"down": {"uv": [0, 9, 0, 0], "texture": "#missing"}
			}
		},
		{
			"from": [-4, 4.1, 15.9],
			"to": [4, 11.1, 15.9],
			"rotation": {"angle": -45, "axis": "y", "origin": [16, -12.9, 16]},
			"faces": {
				"north": {"uv": [16, 5.5, 12, 9], "texture": "#0"},
				"east": {"uv": [0, 0, 0, 1], "texture": "#missing"},
				"south": {"uv": [12, 1.5, 16, 4.5], "texture": "#0"},
				"west": {"uv": [0, 0, 0, 1], "texture": "#0"},
				"up": {"uv": [0, 9, 0, 0], "rotation": 270, "texture": "#missing"},
				"down": {"uv": [0, 9, 0, 0], "rotation": 90, "texture": "#missing"}
			}
		},
		{
			"from": [-1, 4.1, 9.3],
			"to": [7, 10.1, 9.3],
			"rotation": {"angle": 0, "axis": "y", "origin": [16, -12.9, 16]},
			"faces": {
				"north": {"uv": [16, 1.5, 12, 4.5], "texture": "#0"},
				"east": {"uv": [0, 0, 0, 1], "texture": "#missing"},
				"south": {"uv": [12, 1.5, 16, 4.5], "texture": "#0"},
				"west": {"uv": [0, 0, 0, 1], "texture": "#0"},
				"up": {"uv": [0, 9, 0, 0], "rotation": 270, "texture": "#missing"},
				"down": {"uv": [0, 9, 0, 0], "rotation": 90, "texture": "#missing"}
			}
		},
		{
			"from": [-3, 5.1, 12.4],
			"to": [5, 11.1, 12.4],
			"rotation": {"angle": -22.5, "axis": "y", "origin": [16, -12.9, 16]},
			"faces": {
				"north": {"uv": [16, 1.5, 12, 4.5], "texture": "#0"},
				"east": {"uv": [0, 0, 0, 1], "texture": "#missing"},
				"south": {"uv": [12, 1.5, 16, 4.5], "texture": "#0"},
				"west": {"uv": [0, 0, 0, 1], "texture": "#0"},
				"up": {"uv": [0, 9, 0, 0], "rotation": 270, "texture": "#missing"},
				"down": {"uv": [0, 9, 0, 0], "rotation": 90, "texture": "#missing"}
			}
		},
		{
			"from": [5.1, 3.1, 7],
			"to": [5.1, 10.1, 15],
			"rotation": {"angle": -45, "axis": "y", "origin": [16, -12.9, 16]},
			"faces": {
				"north": {"uv": [0, 0, 0, 1], "texture": "#0"},
				"east": {"uv": [16, 5.5, 12, 9], "texture": "#0"},
				"south": {"uv": [0, 0, 0, 1], "texture": "#missing"},
				"west": {"uv": [12, 5.5, 16, 9], "texture": "#0"},
				"up": {"uv": [0, 9, 0, 0], "texture": "#missing"},
				"down": {"uv": [0, 9, 0, 0], "texture": "#missing"}
			}
		},
		{
			"from": [9.3, 5.1, -1],
			"to": [9.3, 11.1, 7],
			"rotation": {"angle": 0, "axis": "y", "origin": [16, -12.9, 16]},
			"faces": {
				"north": {"uv": [0, 0, 0, 1], "texture": "#0"},
				"east": {"uv": [16, 1.5, 12, 4.5], "texture": "#0"},
				"south": {"uv": [0, 0, 0, 1], "texture": "#missing"},
				"west": {"uv": [12, 1.5, 16, 4.5], "texture": "#0"},
				"up": {"uv": [0, 9, 0, 0], "texture": "#missing"},
				"down": {"uv": [0, 9, 0, 0], "texture": "#missing"}
			}
		},
		{
			"from": [3.9, 4.1, 11],
			"to": [3.9, 11.1, 19],
			"rotation": {"angle": 22.5, "axis": "y", "origin": [0, -12.9, 0]},
			"faces": {
				"north": {"uv": [0, 0, 0, 1], "texture": "#missing"},
				"east": {"uv": [12, 5.5, 16, 9], "texture": "#0"},
				"south": {"uv": [0, 0, 0, 1], "texture": "#0"},
				"west": {"uv": [16, 5.5, 12, 9], "texture": "#0"},
				"up": {"uv": [0, 0, 0, 9], "texture": "#missing"},
				"down": {"uv": [0, 0, 0, 9], "texture": "#missing"}
			}
		},
		{
			"from": [6.51553, -8.7, 3.19734],
			"to": [7.51553, -8.7, 4.19734],
			"rotation": {"angle": 22.5, "axis": "y", "origin": [7, -11.9, 1]},
			"faces": {
				"north": {"uv": [0, 0, 0.5, 0], "texture": "#5"},
				"east": {"uv": [0, 0, 0.5, 0], "texture": "#5"},
				"south": {"uv": [0, 0, 0.5, 0], "texture": "#5"},
				"west": {"uv": [0, 0, 0.5, 0], "texture": "#5"},
				"up": {"uv": [4.5, 10, 4, 9.5], "rotation": 90, "texture": "#5"},
				"down": {"uv": [5, 9.5, 4.5, 10], "rotation": 270, "texture": "#5"}
			}
		},
		{
			"from": [8.39734, -12.9, 0.08447],
			"to": [11.39734, -9.9, 3.08447],
			"rotation": {"angle": -45, "axis": "y", "origin": [7, -11.9, 1]},
			"faces": {
				"north": {"uv": [0, 0, 3, 3], "texture": "#8"},
				"east": {"uv": [0, 0, 3, 3], "texture": "#8"},
				"south": {"uv": [0, 0, 3, 3], "texture": "#8"},
				"west": {"uv": [0, 0, 3, 3], "texture": "#8"},
				"up": {"uv": [6, 3, 3, 0], "texture": "#8"},
				"down": {"uv": [3, 3, 0, 6], "texture": "#8"}
			}
		},
		{
			"from": [8.14734, -11.15, -0.16553],
			"to": [11.64734, -9.65, 3.33447],
			"rotation": {"angle": -45, "axis": "y", "origin": [7, -11.9, 1]},
			"faces": {
				"north": {"uv": [0, 0, 3, 1], "texture": "#8"},
				"east": {"uv": [0, 0, 3, 1], "texture": "#8"},
				"south": {"uv": [0, 0, 3, 1], "texture": "#8"},
				"west": {"uv": [0, 0, 3, 1], "texture": "#8"},
				"up": {"uv": [6, 3, 3, 0], "texture": "#8"},
				"down": {"uv": [3, 6, 0, 9], "texture": "#8"}
			}
		},
		{
			"from": [8.81553, -9.7, 3.19734],
			"to": [8.81553, -8.7, 4.19734],
			"rotation": {"angle": 22.5, "axis": "y", "origin": [7, -11.9, 1]},
			"faces": {
				"north": {"uv": [0, 0, 0, 0.5], "texture": "#5"},
				"east": {"uv": [9.5, 7, 10, 7.5], "texture": "#5"},
				"south": {"uv": [0, 0, 0, 0.5], "texture": "#5"},
				"west": {"uv": [1.5, 10, 2, 10.5], "texture": "#5"},
				"up": {"uv": [0.5, 0, 0, 0], "rotation": 90, "texture": "#5"},
				"down": {"uv": [0.5, 0, 0, 0], "rotation": 270, "texture": "#5"}
			}
		},
		{
			"from": [7.81553, -8.7, 3.19734],
			"to": [8.81553, -8.7, 4.19734],
			"rotation": {"angle": 22.5, "axis": "y", "origin": [7, -11.9, 1]},
			"faces": {
				"north": {"uv": [0, 0, 0.5, 0], "texture": "#5"},
				"east": {"uv": [0, 0, 0.5, 0], "texture": "#5"},
				"south": {"uv": [0, 0, 0.5, 0], "texture": "#5"},
				"west": {"uv": [0, 0, 0.5, 0], "texture": "#5"},
				"up": {"uv": [2.5, 10.5, 2, 10], "rotation": 90, "texture": "#5"},
				"down": {"uv": [2, 10.5, 1.5, 11], "rotation": 270, "texture": "#5"}
			}
		},
		{
			"from": [7.81553, -9.7, 3.19734],
			"to": [7.81553, -8.7, 4.19734],
			"rotation": {"angle": 22.5, "axis": "y", "origin": [7, -11.9, 1]},
			"faces": {
				"north": {"uv": [0, 0, 0, 0.5], "texture": "#5"},
				"east": {"uv": [2, 10.5, 2.5, 11], "texture": "#5"},
				"south": {"uv": [0, 0, 0, 0.5], "texture": "#5"},
				"west": {"uv": [1.5, 11, 2, 11.5], "texture": "#5"},
				"up": {"uv": [0.5, 0, 0, 0], "rotation": 90, "texture": "#5"},
				"down": {"uv": [0.5, 0, 0, 0], "rotation": 270, "texture": "#5"}
			}
		},
		{
			"from": [7.51553, -9.7, 3.19734],
			"to": [7.51553, -8.7, 4.19734],
			"rotation": {"angle": 22.5, "axis": "y", "origin": [7, -11.9, 1]},
			"faces": {
				"north": {"uv": [0, 0, 0, 0.5], "texture": "#5"},
				"east": {"uv": [2, 11, 2.5, 11.5], "texture": "#5"},
				"south": {"uv": [0, 0, 0, 0.5], "texture": "#5"},
				"west": {"uv": [1.5, 11.5, 2, 12], "texture": "#5"},
				"up": {"uv": [0.5, 0, 0, 0], "rotation": 90, "texture": "#5"},
				"down": {"uv": [0.5, 0, 0, 0], "rotation": 270, "texture": "#5"}
			}
		},
		{
			"from": [6.51553, -9.7, 3.19734],
			"to": [6.51553, -8.7, 4.19734],
			"rotation": {"angle": 22.5, "axis": "y", "origin": [7, -11.9, 1]},
			"faces": {
				"north": {"uv": [0, 0, 0, 0.5], "texture": "#5"},
				"east": {"uv": [2, 11.5, 2.5, 12], "texture": "#5"},
				"south": {"uv": [0, 0, 0, 0.5], "texture": "#5"},
				"west": {"uv": [11.5, 6.5, 12, 7], "texture": "#5"},
				"up": {"uv": [0.5, 0, 0, 0], "rotation": 90, "texture": "#5"},
				"down": {"uv": [0.5, 0, 0, 0], "rotation": 270, "texture": "#5"}
			}
		},
		{
			"name": "star_0",
			"from": [-0.3, 20.6, 8],
			"to": [0.7, 21.6, 9],
			"rotation": {"angle": -45, "axis": "z", "origin": [9, 19, 4]},
			"faces": {
				"north": {"uv": [0, 0, 1, 1], "rotation": 180, "texture": "#3"},
				"east": {"uv": [0, 0, 1, 1], "rotation": 180, "texture": "#3"},
				"south": {"uv": [0, 1, 1, 0], "texture": "#3"},
				"west": {"uv": [0, 0, 1, 1], "rotation": 180, "texture": "#3"},
				"up": {"uv": [0, 0, 1, 1], "texture": "#3"},
				"down": {"uv": [1, 0, 0, 1], "rotation": 180, "texture": "#3"}
			}
		},
		{
			"name": "star_1",
			"from": [2.7, 20.6, 8],
			"to": [3.7, 27.6, 9],
			"rotation": {"angle": -45, "axis": "z", "origin": [9, 19, 4]},
			"faces": {
				"north": {"uv": [3, 0, 4, 7], "rotation": 180, "texture": "#3"},
				"east": {"uv": [3, 0, 4, 7], "rotation": 180, "texture": "#3"},
				"south": {"uv": [3, 7, 4, 0], "texture": "#3"},
				"west": {"uv": [3, 0, 4, 7], "rotation": 180, "texture": "#3"},
				"up": {"uv": [3, 6, 4, 7], "texture": "#3"},
				"down": {"uv": [4, 0, 3, 1], "rotation": 180, "texture": "#3"}
			}
		},
		{
			"name": "star_2",
			"from": [5.7, 20.6, 8],
			"to": [6.7, 21.6, 9],
			"rotation": {"angle": -45, "axis": "z", "origin": [9, 19, 4]},
			"faces": {
				"north": {"uv": [6, 0, 7, 1], "rotation": 180, "texture": "#3"},
				"east": {"uv": [6, 0, 7, 1], "rotation": 180, "texture": "#3"},
				"south": {"uv": [6, 1, 7, 0], "texture": "#3"},
				"west": {"uv": [6, 0, 7, 1], "rotation": 180, "texture": "#3"},
				"up": {"uv": [6, 0, 7, 1], "texture": "#3"},
				"down": {"uv": [7, 0, 6, 1], "rotation": 180, "texture": "#3"}
			}
		},
		{
			"name": "star_3",
			"from": [0.7, 21.6, 8],
			"to": [1.7, 22.6, 9],
			"rotation": {"angle": -45, "axis": "z", "origin": [9, 19, 4]},
			"faces": {
				"north": {"uv": [1, 1, 2, 2], "rotation": 180, "texture": "#3"},
				"east": {"uv": [1, 1, 2, 2], "rotation": 180, "texture": "#3"},
				"south": {"uv": [1, 2, 2, 1], "texture": "#3"},
				"west": {"uv": [1, 1, 2, 2], "rotation": 180, "texture": "#3"},
				"up": {"uv": [1, 1, 2, 2], "texture": "#3"},
				"down": {"uv": [2, 1, 1, 2], "rotation": 180, "texture": "#3"}
			}
		},
		{
			"name": "star_4",
			"from": [4.7, 21.6, 8],
			"to": [5.7, 22.6, 9],
			"rotation": {"angle": -45, "axis": "z", "origin": [9, 19, 4]},
			"faces": {
				"north": {"uv": [5, 1, 6, 2], "rotation": 180, "texture": "#3"},
				"east": {"uv": [5, 1, 6, 2], "rotation": 180, "texture": "#3"},
				"south": {"uv": [5, 2, 6, 1], "texture": "#3"},
				"west": {"uv": [5, 1, 6, 2], "rotation": 180, "texture": "#3"},
				"up": {"uv": [5, 1, 6, 2], "texture": "#3"},
				"down": {"uv": [6, 1, 5, 2], "rotation": 180, "texture": "#3"}
			}
		},
		{
			"name": "star_5",
			"from": [1.7, 22.6, 8],
			"to": [2.7, 25.6, 9],
			"rotation": {"angle": -45, "axis": "z", "origin": [9, 19, 4]},
			"faces": {
				"north": {"uv": [2, 2, 3, 5], "rotation": 180, "texture": "#3"},
				"east": {"uv": [2, 2, 3, 5], "rotation": 180, "texture": "#3"},
				"south": {"uv": [2, 5, 3, 2], "texture": "#3"},
				"west": {"uv": [2, 2, 3, 5], "rotation": 180, "texture": "#3"},
				"up": {"uv": [2, 4, 3, 5], "texture": "#3"},
				"down": {"uv": [3, 2, 2, 3], "rotation": 180, "texture": "#3"}
			}
		},
		{
			"name": "star_6",
			"from": [3.7, 22.6, 8],
			"to": [4.7, 25.6, 9],
			"rotation": {"angle": -45, "axis": "z", "origin": [9, 19, 4]},
			"faces": {
				"north": {"uv": [4, 2, 5, 5], "rotation": 180, "texture": "#3"},
				"east": {"uv": [4, 2, 5, 5], "rotation": 180, "texture": "#3"},
				"south": {"uv": [4, 5, 5, 2], "texture": "#3"},
				"west": {"uv": [4, 2, 5, 5], "rotation": 180, "texture": "#3"},
				"up": {"uv": [4, 4, 5, 5], "texture": "#3"},
				"down": {"uv": [5, 2, 4, 3], "rotation": 180, "texture": "#3"}
			}
		},
		{
			"name": "star_7",
			"from": [-0.3, 23.6, 8],
			"to": [1.7, 24.6, 9],
			"rotation": {"angle": -45, "axis": "z", "origin": [9, 19, 4]},
			"faces": {
				"north": {"uv": [0, 3, 2, 4], "rotation": 180, "texture": "#3"},
				"east": {"uv": [1, 3, 2, 4], "rotation": 180, "texture": "#3"},
				"south": {"uv": [0, 4, 2, 3], "texture": "#3"},
				"west": {"uv": [0, 3, 1, 4], "rotation": 180, "texture": "#3"},
				"up": {"uv": [0, 3, 2, 4], "texture": "#3"},
				"down": {"uv": [2, 3, 0, 4], "rotation": 180, "texture": "#3"}
			}
		},
		{
			"name": "star_8",
			"from": [4.7, 23.6, 8],
			"to": [6.7, 24.6, 9],
			"rotation": {"angle": -45, "axis": "z", "origin": [9, 19, 4]},
			"faces": {
				"north": {"uv": [5, 3, 7, 4], "rotation": 180, "texture": "#3"},
				"east": {"uv": [6, 3, 7, 4], "rotation": 180, "texture": "#3"},
				"south": {"uv": [5, 4, 7, 3], "texture": "#3"},
				"west": {"uv": [5, 3, 6, 4], "rotation": 180, "texture": "#3"},
				"up": {"uv": [5, 3, 7, 4], "texture": "#3"},
				"down": {"uv": [7, 3, 5, 4], "rotation": 180, "texture": "#3"}
			}
		},
		{
			"name": "star_9",
			"from": [0.7, 25.6, 8],
			"to": [1.7, 26.6, 9],
			"rotation": {"angle": -45, "axis": "z", "origin": [9, 19, 4]},
			"faces": {
				"north": {"uv": [1, 5, 2, 6], "rotation": 180, "texture": "#3"},
				"east": {"uv": [1, 5, 2, 6], "rotation": 180, "texture": "#3"},
				"south": {"uv": [1, 6, 2, 5], "texture": "#3"},
				"west": {"uv": [1, 5, 2, 6], "rotation": 180, "texture": "#3"},
				"up": {"uv": [1, 5, 2, 6], "texture": "#3"},
				"down": {"uv": [2, 5, 1, 6], "rotation": 180, "texture": "#3"}
			}
		},
		{
			"name": "star_10",
			"from": [4.7, 25.6, 8],
			"to": [5.7, 26.6, 9],
			"rotation": {"angle": -45, "axis": "z", "origin": [9, 19, 4]},
			"faces": {
				"north": {"uv": [5, 5, 6, 6], "rotation": 180, "texture": "#3"},
				"east": {"uv": [5, 5, 6, 6], "rotation": 180, "texture": "#3"},
				"south": {"uv": [5, 6, 6, 5], "texture": "#3"},
				"west": {"uv": [5, 5, 6, 6], "rotation": 180, "texture": "#3"},
				"up": {"uv": [5, 5, 6, 6], "texture": "#3"},
				"down": {"uv": [6, 5, 5, 6], "rotation": 180, "texture": "#3"}
			}
		},
		{
			"name": "star_11",
			"from": [-0.3, 26.6, 8],
			"to": [0.7, 27.6, 9],
			"rotation": {"angle": -45, "axis": "z", "origin": [9, 19, 4]},
			"faces": {
				"north": {"uv": [0, 6, 1, 7], "rotation": 180, "texture": "#3"},
				"east": {"uv": [0, 6, 1, 7], "rotation": 180, "texture": "#3"},
				"south": {"uv": [0, 7, 1, 6], "texture": "#3"},
				"west": {"uv": [0, 6, 1, 7], "rotation": 180, "texture": "#3"},
				"up": {"uv": [0, 6, 1, 7], "texture": "#3"},
				"down": {"uv": [1, 6, 0, 7], "rotation": 180, "texture": "#3"}
			}
		},
		{
			"name": "star_12",
			"from": [5.7, 26.6, 8],
			"to": [6.7, 27.6, 9],
			"rotation": {"angle": -45, "axis": "z", "origin": [9, 19, 4]},
			"faces": {
				"north": {"uv": [6, 6, 7, 7], "rotation": 180, "texture": "#3"},
				"east": {"uv": [6, 6, 7, 7], "rotation": 180, "texture": "#3"},
				"south": {"uv": [6, 7, 7, 6], "texture": "#3"},
				"west": {"uv": [6, 6, 7, 7], "rotation": 180, "texture": "#3"},
				"up": {"uv": [6, 6, 7, 7], "texture": "#3"},
				"down": {"uv": [7, 6, 6, 7], "rotation": 180, "texture": "#3"}
			}
		},
		{
			"from": [16.68363, -6.7, 6.18447],
			"to": [17.68363, -6.7, 7.18447],
			"rotation": {"angle": -22.5, "axis": "y", "origin": [15, -11.9, 7]},
			"faces": {
				"north": {"uv": [0, 0, 0.5, 0], "texture": "#5"},
				"east": {"uv": [0, 0, 0.5, 0], "texture": "#5"},
				"south": {"uv": [0, 0, 0.5, 0], "texture": "#5"},
				"west": {"uv": [0, 0, 0.5, 0], "texture": "#5"},
				"up": {"uv": [7.5, 12, 7, 11.5], "rotation": 270, "texture": "#5"},
				"down": {"uv": [12, 7, 11.5, 7.5], "rotation": 90, "texture": "#5"}
			}
		},
		{
			"from": [14.91553, -12.9, 5.08363],
			"to": [19.91553, -7.9, 12.08363],
			"rotation": {"angle": 0, "axis": "y", "origin": [15, -11.9, 7]},
			"faces": {
				"north": {"uv": [3.5, 3.5, 6, 6], "texture": "#7"},
				"east": {"uv": [0, 3.5, 3.5, 6], "texture": "#7"},
				"south": {"uv": [3.5, 3.5, 6, 6], "texture": "#7"},
				"west": {"uv": [0, 3.5, 3.5, 6], "texture": "#7"},
				"up": {"uv": [5, 3.5, 2.5, 0], "texture": "#7"},
				"down": {"uv": [2.5, 0, 0, 3.5], "texture": "#7"}
			}
		},
		{
			"from": [14.66553, -9.15, 4.83363],
			"to": [20.16553, -7.65, 12.33363],
			"rotation": {"angle": 0, "axis": "y", "origin": [15, -11.9, 7]},
			"faces": {
				"north": {"uv": [3.5, 3.5, 6, 4], "texture": "#7"},
				"east": {"uv": [0, 3.5, 3.5, 4], "texture": "#7"},
				"south": {"uv": [3.5, 3.5, 6, 4], "texture": "#7"},
				"west": {"uv": [0, 3.5, 3.5, 4], "texture": "#7"},
				"up": {"uv": [5, 3.5, 2.5, 0], "texture": "#7"},
				"down": {"uv": [2.5, 6, 0, 9.5], "texture": "#7"}
			}
		},
		{
			"from": [16.68363, -7.7, 4.88447],
			"to": [17.68363, -6.7, 4.88447],
			"rotation": {"angle": -22.5, "axis": "y", "origin": [15, -11.9, 7]},
			"faces": {
				"north": {"uv": [7.5, 11.5, 8, 12], "texture": "#5"},
				"east": {"uv": [0, 0, 0, 0.5], "texture": "#5"},
				"south": {"uv": [11.5, 7.5, 12, 8], "texture": "#5"},
				"west": {"uv": [0, 0, 0, 0.5], "texture": "#5"},
				"up": {"uv": [0, 0.5, 0, 0], "rotation": 270, "texture": "#5"},
				"down": {"uv": [0, 0, 0, 0.5], "rotation": 90, "texture": "#5"}
			}
		},
		{
			"from": [16.68363, -6.7, 4.88447],
			"to": [17.68363, -6.7, 5.88447],
			"rotation": {"angle": -22.5, "axis": "y", "origin": [15, -11.9, 7]},
			"faces": {
				"north": {"uv": [0, 0, 0.5, 0], "texture": "#5"},
				"east": {"uv": [0, 0, 0.5, 0], "texture": "#5"},
				"south": {"uv": [0, 0, 0.5, 0], "texture": "#5"},
				"west": {"uv": [0, 0, 0.5, 0], "texture": "#5"},
				"up": {"uv": [8.5, 12, 8, 11.5], "rotation": 270, "texture": "#5"},
				"down": {"uv": [12, 8, 11.5, 8.5], "rotation": 90, "texture": "#5"}
			}
		},
		{
			"from": [16.68363, -7.7, 5.88447],
			"to": [17.68363, -6.7, 5.88447],
			"rotation": {"angle": -22.5, "axis": "y", "origin": [15, -11.9, 7]},
			"faces": {
				"north": {"uv": [8.5, 11.5, 9, 12], "texture": "#5"},
				"east": {"uv": [0, 0, 0, 0.5], "texture": "#5"},
				"south": {"uv": [11.5, 8.5, 12, 9], "texture": "#5"},
				"west": {"uv": [0, 0, 0, 0.5], "texture": "#5"},
				"up": {"uv": [0, 0.5, 0, 0], "rotation": 270, "texture": "#5"},
				"down": {"uv": [0, 0, 0, 0.5], "rotation": 90, "texture": "#5"}
			}
		},
		{
			"from": [16.68363, -7.7, 6.18447],
			"to": [17.68363, -6.7, 6.18447],
			"rotation": {"angle": -22.5, "axis": "y", "origin": [15, -11.9, 7]},
			"faces": {
				"north": {"uv": [9, 11.5, 9.5, 12], "texture": "#5"},
				"east": {"uv": [0, 0, 0, 0.5], "texture": "#5"},
				"south": {"uv": [11.5, 9, 12, 9.5], "texture": "#5"},
				"west": {"uv": [0, 0, 0, 0.5], "texture": "#5"},
				"up": {"uv": [0, 0.5, 0, 0], "rotation": 270, "texture": "#5"},
				"down": {"uv": [0, 0, 0, 0.5], "rotation": 90, "texture": "#5"}
			}
		},
		{
			"from": [16.68363, -7.7, 7.18447],
			"to": [17.68363, -6.7, 7.18447],
			"rotation": {"angle": -22.5, "axis": "y", "origin": [15, -11.9, 7]},
			"faces": {
				"north": {"uv": [9.5, 11.5, 10, 12], "texture": "#5"},
				"east": {"uv": [0, 0, 0, 0.5], "texture": "#5"},
				"south": {"uv": [11.5, 9.5, 12, 10], "texture": "#5"},
				"west": {"uv": [0, 0, 0, 0.5], "texture": "#5"},
				"up": {"uv": [0, 0.5, 0, 0], "rotation": 270, "texture": "#5"},
				"down": {"uv": [0, 0, 0, 0.5], "rotation": 90, "texture": "#5"}
			}
		},
		{
			"from": [2.31553, -9.7, 6.08363],
			"to": [3.31553, -9.7, 7.08363],
			"rotation": {"angle": 22.5, "axis": "y", "origin": [1, -11.9, 6]},
			"faces": {
				"north": {"uv": [0, 0, 0.5, 0], "texture": "#5"},
				"east": {"uv": [0, 0, 0.5, 0], "texture": "#5"},
				"south": {"uv": [0, 0, 0.5, 0], "texture": "#5"},
				"west": {"uv": [0, 0, 0.5, 0], "texture": "#5"},
				"up": {"uv": [12, 10.5, 11.5, 10], "texture": "#5"},
				"down": {"uv": [12, 10.5, 11.5, 11], "texture": "#5"}
			}
		},
		{
			"from": [-0.08447, -12.9, 4.08363],
			"to": [6.91553, -10.9, 7.08363],
			"rotation": {"angle": 0, "axis": "y", "origin": [1, -11.9, 6]},
			"faces": {
				"north": {"uv": [7, 0, 14, 2], "texture": "#6"},
				"east": {"uv": [7, 2, 10, 4], "texture": "#6"},
				"south": {"uv": [7, 0, 14, 2], "texture": "#6"},
				"west": {"uv": [7, 2, 10, 4], "texture": "#6"},
				"up": {"uv": [7, 3, 0, 0], "texture": "#6"},
				"down": {"uv": [7, 3, 0, 6], "texture": "#6"}
			}
		},
		{
			"from": [-0.33447, -11.95, 3.83363],
			"to": [7.16553, -10.65, 7.33363],
			"rotation": {"angle": 0, "axis": "y", "origin": [1, -11.9, 6]},
			"faces": {
				"north": {"uv": [7, 0, 14, 1], "texture": "#6"},
				"east": {"uv": [7, 2, 10, 3], "texture": "#6"},
				"south": {"uv": [7, 0, 14, 1], "texture": "#6"},
				"west": {"uv": [7, 2, 10, 3], "texture": "#6"},
				"up": {"uv": [7, 3, 0, 0], "texture": "#6"},
				"down": {"uv": [7, 6, 0, 9], "texture": "#6"}
			}
		},
		{
			"from": [4.61553, -10.7, 6.08363],
			"to": [4.61553, -9.7, 7.08363],
			"rotation": {"angle": 22.5, "axis": "y", "origin": [1, -11.9, 6]},
			"faces": {
				"north": {"uv": [0, 0, 0, 0.5], "texture": "#5"},
				"east": {"uv": [11.5, 11, 12, 11.5], "texture": "#5"},
				"south": {"uv": [0, 0, 0, 0.5], "texture": "#5"},
				"west": {"uv": [11.5, 11.5, 12, 12], "texture": "#5"},
				"up": {"uv": [0, 0.5, 0, 0], "texture": "#5"},
				"down": {"uv": [0, 0, 0, 0.5], "texture": "#5"}
			}
		},
		{
			"from": [3.61553, -9.7, 6.08363],
			"to": [4.61553, -9.7, 7.08363],
			"rotation": {"angle": 22.5, "axis": "y", "origin": [1, -11.9, 6]},
			"faces": {
				"north": {"uv": [0, 0, 0.5, 0], "texture": "#5"},
				"east": {"uv": [0, 0, 0.5, 0], "texture": "#5"},
				"south": {"uv": [0, 0, 0.5, 0], "texture": "#5"},
				"west": {"uv": [0, 0, 0.5, 0], "texture": "#5"},
				"up": {"uv": [2, 12.5, 1.5, 12], "texture": "#5"},
				"down": {"uv": [2.5, 12, 2, 12.5], "texture": "#5"}
			}
		},
		{
			"from": [3.61553, -10.7, 6.08363],
			"to": [3.61553, -9.7, 7.08363],
			"rotation": {"angle": 22.5, "axis": "y", "origin": [1, -11.9, 6]},
			"faces": {
				"north": {"uv": [0, 0, 0, 0.5], "texture": "#5"},
				"east": {"uv": [12, 6.5, 12.5, 7], "texture": "#5"},
				"south": {"uv": [0, 0, 0, 0.5], "texture": "#5"},
				"west": {"uv": [7, 12, 7.5, 12.5], "texture": "#5"},
				"up": {"uv": [0, 0.5, 0, 0], "texture": "#5"},
				"down": {"uv": [0, 0, 0, 0.5], "texture": "#5"}
			}
		},
		{
			"from": [3.31553, -10.7, 6.08363],
			"to": [3.31553, -9.7, 7.08363],
			"rotation": {"angle": 22.5, "axis": "y", "origin": [1, -11.9, 6]},
			"faces": {
				"north": {"uv": [0, 0, 0, 0.5], "texture": "#5"},
				"east": {"uv": [12, 7, 12.5, 7.5], "texture": "#5"},
				"south": {"uv": [0, 0, 0, 0.5], "texture": "#5"},
				"west": {"uv": [7.5, 12, 8, 12.5], "texture": "#5"},
				"up": {"uv": [0, 0.5, 0, 0], "texture": "#5"},
				"down": {"uv": [0, 0, 0, 0.5], "texture": "#5"}
			}
		},
		{
			"from": [2.31553, -10.7, 6.08363],
			"to": [2.31553, -9.7, 7.08363],
			"rotation": {"angle": 22.5, "axis": "y", "origin": [1, -11.9, 6]},
			"faces": {
				"north": {"uv": [0, 0, 0, 0.5], "texture": "#5"},
				"east": {"uv": [12, 7.5, 12.5, 8], "texture": "#5"},
				"south": {"uv": [0, 0, 0, 0.5], "texture": "#5"},
				"west": {"uv": [8, 12, 8.5, 12.5], "texture": "#5"},
				"up": {"uv": [0, 0.5, 0, 0], "texture": "#5"},
				"down": {"uv": [0, 0, 0, 0.5], "texture": "#5"}
			}
		},
		{
			"from": [0.41553, -6.7, 9.08363],
			"to": [1.41553, -6.7, 10.08363],
			"rotation": {"angle": -22.5, "axis": "y", "origin": [-1, -11.9, 10]},
			"faces": {
				"north": {"uv": [0, 0, 0.5, 0], "texture": "#5"},
				"east": {"uv": [0, 0, 0.5, 0], "texture": "#5"},
				"south": {"uv": [0, 0, 0.5, 0], "texture": "#5"},
				"west": {"uv": [0, 0, 0.5, 0], "texture": "#5"},
				"up": {"uv": [12.5, 8.5, 12, 8], "texture": "#5"},
				"down": {"uv": [9, 12, 8.5, 12.5], "texture": "#5"}
			}
		},
		{
			"from": [-1.08447, -12.9, 8.08363],
			"to": [3.91553, -7.9, 13.08363],
			"rotation": {"angle": 0, "axis": "y", "origin": [-1, -11.9, 10]},
			"faces": {
				"north": {"uv": [0, 0, 5, 5], "texture": "#4"},
				"east": {"uv": [0, 0, 5, 5], "texture": "#4"},
				"south": {"uv": [0, 0, 5, 5], "texture": "#4"},
				"west": {"uv": [0, 0, 5, 5], "texture": "#4"},
				"up": {"uv": [10, 5, 5, 0], "texture": "#4"},
				"down": {"uv": [5, 5, 0, 10], "texture": "#4"}
			}
		},
		{
			"from": [-1.33447, -9.15, 7.83363],
			"to": [4.16553, -7.65, 13.33363],
			"rotation": {"angle": 0, "axis": "y", "origin": [-1, -11.9, 10]},
			"faces": {
				"north": {"uv": [0, 0, 5, 1], "texture": "#4"},
				"east": {"uv": [0, 0, 5, 1], "texture": "#4"},
				"south": {"uv": [0, 0, 5, 1], "texture": "#4"},
				"west": {"uv": [0, 0, 5, 1], "texture": "#4"},
				"up": {"uv": [10, 5, 5, 0], "texture": "#4"},
				"down": {"uv": [10, 5, 5, 10], "texture": "#4"}
			}
		},
		{
			"from": [2.71553, -7.7, 9.08363],
			"to": [2.71553, -6.7, 10.08363],
			"rotation": {"angle": -22.5, "axis": "y", "origin": [-1, -11.9, 10]},
			"faces": {
				"north": {"uv": [0, 0, 0, 0.5], "texture": "#5"},
				"east": {"uv": [12, 8.5, 12.5, 9], "texture": "#5"},
				"south": {"uv": [0, 0, 0, 0.5], "texture": "#5"},
				"west": {"uv": [9, 12, 9.5, 12.5], "texture": "#5"},
				"up": {"uv": [0, 0.5, 0, 0], "texture": "#5"},
				"down": {"uv": [0, 0, 0, 0.5], "texture": "#5"}
			}
		},
		{
			"from": [1.71553, -6.7, 9.08363],
			"to": [2.71553, -6.7, 10.08363],
			"rotation": {"angle": -22.5, "axis": "y", "origin": [-1, -11.9, 10]},
			"faces": {
				"north": {"uv": [0, 0, 0.5, 0], "texture": "#5"},
				"east": {"uv": [0, 0, 0.5, 0], "texture": "#5"},
				"south": {"uv": [0, 0, 0.5, 0], "texture": "#5"},
				"west": {"uv": [0, 0, 0.5, 0], "texture": "#5"},
				"up": {"uv": [12.5, 9.5, 12, 9], "texture": "#5"},
				"down": {"uv": [10, 12, 9.5, 12.5], "texture": "#5"}
			}
		},
		{
			"from": [1.71553, -7.7, 9.08363],
			"to": [1.71553, -6.7, 10.08363],
			"rotation": {"angle": -22.5, "axis": "y", "origin": [-1, -11.9, 10]},
			"faces": {
				"north": {"uv": [0, 0, 0, 0.5], "texture": "#5"},
				"east": {"uv": [12, 9.5, 12.5, 10], "texture": "#5"},
				"south": {"uv": [0, 0, 0, 0.5], "texture": "#5"},
				"west": {"uv": [12, 10, 12.5, 10.5], "texture": "#5"},
				"up": {"uv": [0, 0.5, 0, 0], "texture": "#5"},
				"down": {"uv": [0, 0, 0, 0.5], "texture": "#5"}
			}
		},
		{
			"from": [1.41553, -7.7, 9.08363],
			"to": [1.41553, -6.7, 10.08363],
			"rotation": {"angle": -22.5, "axis": "y", "origin": [-1, -11.9, 10]},
			"faces": {
				"north": {"uv": [0, 0, 0, 0.5], "texture": "#5"},
				"east": {"uv": [12, 10.5, 12.5, 11], "texture": "#5"},
				"south": {"uv": [0, 0, 0, 0.5], "texture": "#5"},
				"west": {"uv": [12, 11, 12.5, 11.5], "texture": "#5"},
				"up": {"uv": [0, 0.5, 0, 0], "texture": "#5"},
				"down": {"uv": [0, 0, 0, 0.5], "texture": "#5"}
			}
		},
		{
			"from": [0.41553, -7.7, 9.08363],
			"to": [0.41553, -6.7, 10.08363],
			"rotation": {"angle": -22.5, "axis": "y", "origin": [-1, -11.9, 10]},
			"faces": {
				"north": {"uv": [0, 0, 0, 0.5], "texture": "#5"},
				"east": {"uv": [11.5, 12, 12, 12.5], "texture": "#5"},
				"south": {"uv": [0, 0, 0, 0.5], "texture": "#5"},
				"west": {"uv": [12, 11.5, 12.5, 12], "texture": "#5"},
				"up": {"uv": [0, 0.5, 0, 0], "texture": "#5"},
				"down": {"uv": [0, 0, 0, 0.5], "texture": "#5"}
			}
		},
		{
			"from": [0.5, -12, 3],
			"to": [16.5, 4, 3],
			"rotation": {"angle": 0, "axis": "y", "origin": [0, 0, 1]},
			"faces": {
				"north": {"uv": [0, 0, 16, 16], "texture": "#10"},
				"east": {"uv": [0, 0, 0, 5], "texture": "#missing"},
				"south": {"uv": [0, 0, 16, 16], "texture": "#10"},
				"west": {"uv": [0, 0, 0, 5], "texture": "#missing"},
				"up": {"uv": [0, 0, 16, 0], "texture": "#missing"},
				"down": {"uv": [0, 0, 16, 0], "texture": "#missing"}
			}
		},
		{
			"from": [3.2, -12, -1.4],
			"to": [3.2, 4, 14.6],
			"rotation": {"angle": -22.5, "axis": "y", "origin": [0, 0, 1]},
			"faces": {
				"north": {"uv": [0, 0, 0, 5], "texture": "#missing"},
				"east": {"uv": [0, 0, 16, 16], "texture": "#10"},
				"south": {"uv": [0, 0, 0, 5], "texture": "#missing"},
				"west": {"uv": [0, 0, 16, 16], "texture": "#10"},
				"up": {"uv": [0, 0, 16, 0], "rotation": 270, "texture": "#missing"},
				"down": {"uv": [0, 0, 16, 0], "rotation": 90, "texture": "#missing"}
			}
		},
		{
			"from": [-7.6, -12, 20.2],
			"to": [8.4, 4, 20.2],
			"rotation": {"angle": 45, "axis": "y", "origin": [0, 0, 1]},
			"faces": {
				"north": {"uv": [0, 0, 16, 16], "texture": "#10"},
				"east": {"uv": [0, 0, 0, 5], "texture": "#missing"},
				"south": {"uv": [0, 0, 16, 16], "texture": "#10"},
				"west": {"uv": [0, 0, 0, 5], "texture": "#missing"},
				"up": {"uv": [0, 0, 16, 0], "texture": "#missing"},
				"down": {"uv": [0, 0, 16, 0], "texture": "#missing"}
			}
		},
		{
			"from": [2, -12, 11.6],
			"to": [18, 4, 11.6],
			"rotation": {"angle": -22.5, "axis": "y", "origin": [0, 0, 1]},
			"faces": {
				"north": {"uv": [0, 0, 16, 16], "texture": "#11"},
				"east": {"uv": [0, 0, 0, 5], "texture": "#missing"},
				"south": {"uv": [0, 0, 16, 16], "texture": "#11"},
				"west": {"uv": [0, 0, 0, 5], "texture": "#missing"},
				"up": {"uv": [0, 0, 16, 0], "rotation": 180, "texture": "#missing"},
				"down": {"uv": [0, 0, 16, 0], "rotation": 180, "texture": "#missing"}
			}
		},
		{
			"from": [13.9, -12, -1.4],
			"to": [13.9, 4, 14.6],
			"rotation": {"angle": 22.5, "axis": "y", "origin": [16, 0, 1]},
			"faces": {
				"north": {"uv": [0, 0, 0, 5], "texture": "#missing"},
				"east": {"uv": [16, 0, 0, 16], "texture": "#10"},
				"south": {"uv": [0, 0, 0, 5], "texture": "#missing"},
				"west": {"uv": [16, 0, 0, 16], "texture": "#10"},
				"up": {"uv": [0, 0, 16, 0], "rotation": 270, "texture": "#missing"},
				"down": {"uv": [0, 0, 16, 0], "rotation": 90, "texture": "#missing"}
			}
		},
		{
			"from": [11.9, -4, -1.4],
			"to": [11.9, 12, 14.6],
			"rotation": {"angle": 22.5, "axis": "y", "origin": [16, 8, 1]},
			"faces": {
				"north": {"uv": [0, 0, 0, 5], "texture": "#missing"},
				"east": {"uv": [16, 0, 0, 16], "texture": "#10"},
				"south": {"uv": [0, 0, 0, 5], "texture": "#missing"},
				"west": {"uv": [16, 0, 0, 16], "texture": "#10"},
				"up": {"uv": [0, 0, 16, 0], "rotation": 270, "texture": "#missing"},
				"down": {"uv": [0, 0, 16, 0], "rotation": 90, "texture": "#missing"}
			}
		},
		{
			"from": [2, -4, 10.6],
			"to": [18, 12, 10.6],
			"rotation": {"angle": -22.5, "axis": "y", "origin": [0, 8, 1]},
			"faces": {
				"north": {"uv": [0, 0, 16, 16], "texture": "#11"},
				"east": {"uv": [0, 0, 0, 5], "texture": "#missing"},
				"south": {"uv": [0, 0, 16, 16], "texture": "#11"},
				"west": {"uv": [0, 0, 0, 5], "texture": "#missing"},
				"up": {"uv": [0, 0, 16, 0], "rotation": 180, "texture": "#missing"},
				"down": {"uv": [0, 0, 16, 0], "rotation": 180, "texture": "#missing"}
			}
		},
		{
			"from": [-7.6, -4, 19.2],
			"to": [8.4, 12, 19.2],
			"rotation": {"angle": 45, "axis": "y", "origin": [0, 8, 1]},
			"faces": {
				"north": {"uv": [0, 0, 16, 16], "texture": "#10"},
				"east": {"uv": [0, 0, 0, 5], "texture": "#missing"},
				"south": {"uv": [0, 0, 16, 16], "texture": "#10"},
				"west": {"uv": [0, 0, 0, 5], "texture": "#missing"},
				"up": {"uv": [0, 0, 16, 0], "texture": "#missing"},
				"down": {"uv": [0, 0, 16, 0], "texture": "#missing"}
			}
		},
		{
			"from": [0.5, -4, 4],
			"to": [16.5, 12, 4],
			"rotation": {"angle": 0, "axis": "y", "origin": [0, 8, 1]},
			"faces": {
				"north": {"uv": [0, 0, 16, 16], "texture": "#10"},
				"east": {"uv": [0, 0, 0, 5], "texture": "#missing"},
				"south": {"uv": [0, 0, 16, 16], "texture": "#10"},
				"west": {"uv": [0, 0, 0, 5], "texture": "#missing"},
				"up": {"uv": [0, 0, 16, 0], "texture": "#missing"},
				"down": {"uv": [0, 0, 16, 0], "texture": "#missing"}
			}
		},
		{
			"from": [4.2, -4, -1.4],
			"to": [4.2, 12, 14.6],
			"rotation": {"angle": -22.5, "axis": "y", "origin": [0, 8, 1]},
			"faces": {
				"north": {"uv": [0, 0, 0, 5], "texture": "#missing"},
				"east": {"uv": [0, 0, 16, 16], "texture": "#10"},
				"south": {"uv": [0, 0, 0, 5], "texture": "#missing"},
				"west": {"uv": [0, 0, 16, 16], "texture": "#10"},
				"up": {"uv": [0, 0, 16, 0], "rotation": 270, "texture": "#missing"},
				"down": {"uv": [0, 0, 16, 0], "rotation": 90, "texture": "#missing"}
			}
		},
		{
			"from": [9.9, 4, -1.4],
			"to": [9.9, 20, 14.6],
			"rotation": {"angle": 22.5, "axis": "y", "origin": [16, 16, 1]},
			"faces": {
				"north": {"uv": [0, 0, 0, 5], "texture": "#missing"},
				"east": {"uv": [16, 0, 0, 16], "texture": "#10"},
				"south": {"uv": [0, 0, 0, 5], "texture": "#missing"},
				"west": {"uv": [16, 0, 0, 16], "texture": "#10"},
				"up": {"uv": [0, 0, 16, 0], "rotation": 270, "texture": "#missing"},
				"down": {"uv": [0, 0, 16, 0], "rotation": 90, "texture": "#missing"}
			}
		},
		{
			"from": [-9.6, 4, 15.2],
			"to": [6.4, 20, 15.2],
			"rotation": {"angle": 45, "axis": "y", "origin": [0, 16, 1]},
			"faces": {
				"north": {"uv": [0, 0, 16, 16], "texture": "#10"},
				"east": {"uv": [0, 0, 0, 5], "texture": "#missing"},
				"south": {"uv": [0, 0, 16, 16], "texture": "#10"},
				"west": {"uv": [0, 0, 0, 5], "texture": "#missing"},
				"up": {"uv": [0, 0, 16, 0], "texture": "#missing"},
				"down": {"uv": [0, 0, 16, 0], "texture": "#missing"}
			}
		},
		{
			"from": [-1.8, 4, 4.2],
			"to": [-1.8, 20, 20.2],
			"rotation": {"angle": 45, "axis": "y", "origin": [0, 16, 1]},
			"faces": {
				"north": {"uv": [0, 0, 0, 5], "texture": "#missing"},
				"east": {"uv": [0, 0, 16, 16], "texture": "#10"},
				"south": {"uv": [0, 0, 0, 5], "texture": "#missing"},
				"west": {"uv": [0, 0, 16, 16], "texture": "#10"},
				"up": {"uv": [0, 0, 16, 0], "rotation": 270, "texture": "#missing"},
				"down": {"uv": [0, 0, 16, 0], "rotation": 90, "texture": "#missing"}
			}
		},
		{
			"from": [0.5, 4, 6],
			"to": [16.5, 20, 6],
			"rotation": {"angle": 0, "axis": "y", "origin": [0, 16, 1]},
			"faces": {
				"north": {"uv": [0, 0, 16, 16], "texture": "#10"},
				"east": {"uv": [0, 0, 0, 5], "texture": "#missing"},
				"south": {"uv": [0, 0, 16, 16], "texture": "#10"},
				"west": {"uv": [0, 0, 0, 5], "texture": "#missing"},
				"up": {"uv": [0, 0, 16, 0], "texture": "#missing"},
				"down": {"uv": [0, 0, 16, 0], "texture": "#missing"}
			}
		}
	],
	"gui_light": "front",
	"display": {
		"thirdperson_righthand": {
			"scale": [0.2, 0.2, 0.2]
		},
		"thirdperson_lefthand": {
			"scale": [0.2, 0.2, 0.2]
		},
		"firstperson_righthand": {
			"rotation": [-10.06, -2.02, 11.61],
			"scale": [0.5, 0.5, 0.5]
		},
		"firstperson_lefthand": {
			"rotation": [-10.06, -2.02, 11.61],
			"scale": [0.5, 0.5, 0.5]
		},
		"ground": {
			"translation": [0, 9.25, 0],
			"scale": [0.5, 0.5, 0.5]
		},
		"gui": {
			"rotation": [-161.2, 14.6, -180],
			"scale": [0.4, 0.4, 0.4]
		},
		"fixed": {
			"rotation": [-90, 0, 0],
			"translation": [0, 0, -41.75],
			"scale": [2, 2, 2]
		}
	},
	"groups": [
		{
			"name": "present1",
			"origin": [0, 0, 0],
			"color": 0,
			"children": [0, 1, 2, 3, 4, 5, 6, 7]
		},
		{
			"name": "group",
			"origin": [0, 0, 0],
			"color": 0,
			"children": [8, 9, 10, 11, 12, 13, 14, 15, 16, 17, 18, 19, 20, 21, 22, 23, 24, 25, 26, 27, 28, 29, 30, 31, 32, 33, 34, 35, 36, 37, 38, 39, 40, 41, 42, 43, 44, 45, 46, 47, 48, 49, 50, 51, 52, 53, 54, 55, 56, 57, 58, 59, 60, 61, 62, 63, 64, 65, 66, 67, 68, 69, 70]
		},
		{
			"name": "present2",
			"origin": [0, 0, 0],
			"color": 0,
			"children": [71, 72, 73, 74, 75, 76, 77, 78]
		},
		{
			"name": "star",
			"origin": [8, 8, 8],
			"color": 0,
			"children": [79, 80, 81, 82, 83, 84, 85, 86, 87, 88, 89, 90, 91]
		},
		{
			"name": "present3",
			"origin": [0, 0, 0],
			"color": 0,
			"children": [92, 93, 94, 95, 96, 97, 98, 99]
		},
		{
			"name": "present4",
			"origin": [0, 0, 0],
			"color": 0,
			"children": [100, 101, 102, 103, 104, 105, 106, 107]
		},
		{
			"name": "present5",
			"origin": [0, 0, 0],
			"color": 0,
			"children": [108, 109, 110, 111, 112, 113, 114, 115]
		},
		116,
		117,
		118,
		119,
		120,
		{
			"name": "group",
			"origin": [0, 8, 1],
			"color": 0,
			"children": [121, 122, 123, 124, 125]
		},
		{
			"name": "group",
			"origin": [0, 8, 1],
			"color": 0,
			"children": [126, 127, 128, 129]
		}
	]
}